smiles,LogS,Compound ID,ESOL predicted log(solubility:mol/L)
ClCC(Cl)(Cl)Cl,-2.18,"1,1,1,2-Tetrachloroethane",-2.794
CC(Cl)(Cl)Cl,-2,"1,1,1-Trichloroethane",-2.232
ClC(Cl)C(Cl)Cl,-1.74,"1,1,2,2-Tetrachloroethane",-2.549
ClCC(Cl)Cl,-1.48,"1,1,2-Trichloroethane",-1.961
FC(F)(Cl)C(F)(Cl)Cl,-3.04,"1,1,2-Trichlorotrifluoroethane",-3.077
CC(Cl)Cl,-1.29,"1,1-Dichloroethane",-1.576
ClC(=C)Cl,-1.64,"1,1-Dichloroethylene",-1.939
CCOC(C)OCC,-0.43,"1,1-Diethoxyethane ",-0.899
Clc1ccc(Cl)c(Cl)c1Cl,-4.57,"1,2,3,4-Tetrachlorobenzene",-4.546
C1CCc2ccccc2C1,-4.37,"1,2,3,4-Tetrahydronapthalene",-3.447
Clc1cc(Cl)c(Cl)c(Cl)c1,-4.63,"1,2,3,5-Tetrachlorobenzene",-4.621
Clc1cccc(Cl)c1Cl,-4,"1,2,3-Trichlorobenzene",-4.008
Cc1cccc(C)c1C,-3.2,"1,2,3-Trimethylbenzene ",-3.312
Brc1cc(Br)c(Br)cc1Br,-6.98,"1,2,4,5-Tetrabromobenzene",-6.001
Clc1cc(Cl)c(Cl)cc1Cl,-5.56,"1,2,4,5-Tetrachlorobenzene",-4.621
Cc1cc(C)c(C)cc1C,-4.59,"1,2,4,5-Tetramethylbenzene",-3.664
c1(Br)c(Br)cc(Br)cc1,-4.5,"1,2,4-tribromobenzene",-5.144
Clc1ccc(Cl)c(Cl)c1,-3.59,"1,2,4-Trichlorobenzene",-4.083
Cc1ccc(C)c(C)c1,-3.31,"1,2,4-Trimethylbenzene",-3.343
Oc1ccccc1O,0.62,"1,2-Benzenediol",-1.635
Brc1ccccc1Br,-3.5,"1,2-Dibromobenzene",-4.172
BrCCBr,-1.68,"1,2-Dibromoethane",-2.102
Clc1ccccc1Cl,-3.05,"1,2-Dichlorobenzene",-3.482
ClCCCl,-1.06,"1,2-Dichloroethane",-1.374
CC(Cl)CCl,-1.6,"1,2-Dichloropropane",-1.794
FC(F)(Cl)C(F)(F)Cl,-2.74,"1,2-Dichlorotetrafluoroethane",-2.697
CCOCCOCC,-0.77,"1,2-Diethoxyethane ",-0.833
CCc1ccccc1CC,-3.28,"1,2-Diethylbenzene",-3.601
O=N(=O)c1ccccc1N(=O)=O,-3.1,"1,2-Dinitrobenzene",-2.281
CC1CO1,-0.59,"1,2-Propylene oxide",-0.358
Brc1cc(Br)cc(Br)c1,-5.6,"1,3,5-Tribromobenzene",-5.27
Clc1cc(Cl)cc(Cl)c1,-4.48,"1,3,5-Trichlorobenzene",-4.159
Cc1cc(C)cc(C)c1,-3.4,"1,3,5-Trimethylbenzene ",-3.375
O=N(=O)c1cc(cc(c1)N(=O)=O)N(=O)=O,-2.89,"1,3,5-Trinitrobenzene",-2.324
Oc1cccc(O)c1,0.81,"1,3-Benzenediol",-1.59
C=CC=C,-1.87,"1,3-Butadiene",-1.376
Brc1cccc(Br)c1,-3.54,"1,3-Dibromobenzene",-4.298
Clc1cccc(Cl)c1,-3.04,"1,3-Dichlorobenzene",-3.558
ClCCCCl,-1.62,"1,3-Dichloropropane",-1.618
CCNC(=S)NCC,-1.46,"1,3-diethylthiourea",-1.028
Fc1cccc(F)c1,-2,"1,3-Difluorobenzene",-2.636
Cc1cc(C)c2ccccc2c1,-4.29,"1,3-Dimethylnaphthalene",-4.147
O=N(=O)c1cccc(c1)N(=O)=O,-2.29,"1,3-Dinitrobenzene",-2.281
Oc1ccc(O)cc1,-0.17,"1,4-Benzenediol",-1.59
C1C=CCC=C1,-2.06,"1,4-Cyclohexadiene",-1.842
Brc1ccc(Br)cc1,-4.07,"1,4-Dibromobenzene",-4.298
Clc1ccc(Cl)cc1,-3.27,"1,4-Dichlorobenzene",-3.558
CCc1ccc(CC)cc1,-3.75,"1,4-Diethylbenzene ",-3.633
Fc1ccc(F)cc1,-1.97,"1,4-Difluorobenzene",-2.636
Cc1ccc(C)c2ccccc12,-4.14,"1,4-Dimethylnaphthalene ",-4.147
O=N(=O)c1ccc(cc1)N(=O)=O,-3.39,"1,4-Dinitrobenzene",-2.281
C=CCC=C,-2.09,"1,4-Pentadiene ",-1.758
Cc1cccc2c(C)cccc12,-4.679,"1,5-Dimethlnapthalene",-4.147
C=CCCC=C,-2.68,"1,5-Hexadiene ",-2.112
c1cnc2c(c1)ccc3ncccc23,-2.68,"1,7-phenantroline",-2.994
CC12CCC(CC1)C(C)(C)O2,-1.74,"1,8-Cineole",-2.579
CC1(O)CCC2C3CCC4=CC(=O)CCC4(C)C3CCC21C,-3.999,17a-Methyltestosterone,-4.073
Nc2cccc3nc1ccccc1cc23 ,-4.22,1-aminoacridine,-3.542
CC(C)CBr,-2.43,1-Bromo-2-methylpropane,-2.288
CCCCBr,-2.37,1-Bromobutane,-2.303
CCCCCCCBr,-4.43,1-Bromoheptane,-3.366
CCCCCCBr,-3.81,1-Bromohexane,-3.012
Brc1cccc2ccccc12,-4.35,1-Bromonapthalene,-4.434
CCCCCCCCBr,-5.06,1-Bromooctane,-3.721
CCCCCBr,-3.08,1-Bromopentane,-2.658
CCCBr,-1.73,1-Bromopropane,-1.949
CCCCO,0,1-Butanol,-0.688
CCC=C,-1.94,1-Butene,-1.655
CCC#C,-1.24,1-Butyne,-1.092
ClCCBr,-1.32,1-Chloro-2-bromoethane,-1.738
ClCC(C)C,-2,1-Chloro-2-methylpropane,-1.924
CCCCCl,-2.03,1-Chlorobutane,-1.94
CCCCCCCCl,-4,1-Chloroheptane,-3.003
CCCCCCCl,-3.12,1-Chlorohexane,-2.648
Clc1cccc2ccccc12,-3.93,1-Chloronapthalene,-4.063
CCCCCCl,-2.73,1-Chloropentane,-2.294
CCCCl,-1.47,1-Chloropropane,-1.585
CCCCCCCCCCO,-3.63,1-Decanol,-2.814
CCCCCCCCC=C,-5.51,1-Decene,-3.781
CCCCCCCCCCCCO,-4.8,1-Dodecanol,-3.523
CCc1cccc2ccccc12,-4.17,1-Ethylnaphthalene ,-4.1
CCCCCCCO,-1.81,1-Heptanol,-1.751
CCCCCC=C,-3.73,1-Heptene,-2.718
CCCCCC#C,-3.01,1-Heptyne,-2.155
CCCCCCCCCCCCCCCCO,-7,1-Hexadecanol,-4.94
CCCCCCO,-1.24,1-Hexanol,-1.397
CCCCC=C,-3.23,1-Hexene,-2.364
CCCC(O)C=C,-0.59,1-Hexene-3-ol,-1.199
CCCCC#C,-2.36,1-Hexyne ,-1.801
CCCCI,-2.96,1-Iodobutane,-2.841
CCCCCCCI,-4.81,1-Iodoheptane,-3.904
Ic1cccc2ccccc12,-4.55,1-Iodonapthalene,-4.889
CCCI,-2.29,1-Iodopropane,-2.486
CC1=CCCCC1,-3.27,1-Methylcyclohexene ,-2.574
Cc1cccc2c1Cc3ccccc32,-5.22,1-Methylfluorene,-4.478
Cc1cccc2ccccc12,-3.7,1-Methylnaphthalene,-3.802
Cc1cccc2c1ccc3ccccc32,-5.85,1-Methylphenanthrene,-4.87
Cn1ccc(=O)[nH]c1=O,-0.807,1-methyluracil,-0.375
Oc1cccc2ccccc12,-2.22,1-Napthol,-3.08
Nc1cccc2ccccc12,-1.92,1-Napthylamine,-2.721
O=N(=O)c1cccc2ccccc12,-3.54,1-Nitronapthalene,-3.414
CCCN(=O)=O,-0.8,1-Nitropropane,-0.816
CCCCCCCCCO,-3.01,1-Nonanol,-2.46
CCCCCCCC=C,-5.05,1-Nonene ,-3.427
CCCCCCCC#C,-4.24,1-Nonyne ,-2.864
CCCCCCCCCCCCCCCCCCO,-8.4,1-Octadecanol,-5.649
CCCCCCCCO,-2.39,1-Octanol,-2.105
CCCCCCC=C,-4.44,1-Octene ,-3.073
CCCCCCC#C,-3.66,1-Octyne ,-2.509
CCCCCCCCCCCCCCCO,-6.35,1-Pentadecanol,-4.586
CCCCCO,-0.6,1-Pentanol,-1.042
CCCC=C,-2.68,1-Pentene ,-2.01
CCCC#C,-1.64,1-Pentyne,-1.446
CC(O)c1ccccc1,-0.92,1-Phenylethanol,-1.919
CCCO,0.62,1-Propanol,-0.334
CCCCCCCCCCCCCCO,-5.84,1-Tetradecanol,-4.231
Clc1c(Cl)c(Cl)c(c(Cl)c1Cl)c2c(Cl)c(Cl)c(Cl)c(Cl)c2Cl ,-11.6,"2,2',3,3',4,4',5,5',6,6'-PCB",-9.589
Clc1cc(c(Cl)c(Cl)c1Cl)c2cc(Cl)c(Cl)c(Cl)c2Cl,-9.16,"2,2',3,3',4,4',5,5'-PCB",-8.468
Clc1ccc(c(Cl)c1Cl)c2ccc(Cl)c(Cl)c2Cl ,-8.01,"2,2',3,3',4,4'-PCB",-7.192
Clc1cc(Cl)c(Cl)c(c1Cl)c2c(Cl)c(Cl)cc(Cl)c2Cl ,-9.15,"2,2',3,3',5,5',6,6'-PCB",-8.304
Clc1cccc(c1Cl)c2c(Cl)c(Cl)cc(Cl)c2Cl ,-8.6,"2,2',3,3',5,6-PCB",-7.185
Clc1cccc(c1Cl)c2cccc(Cl)c2Cl,-7.28,"2,2',3,3'-PCB",-6.079
Clc1ccc(c(Cl)c1)c2c(Cl)c(Cl)c(Cl)c(Cl)c2Cl,-7.92,"2,2',3,4,4',5',6-PCB",-7.898
Clc1ccc(Cl)c(c1)c2c(Cl)c(Cl)c(Cl)c(Cl)c2Cl,-8.94,"2,2',3,4,5,5',6-PCB",-7.898
Clc1ccc(Cl)c(c1)c2cc(Cl)c(Cl)c(Cl)c2Cl,-7.68,"2,2',3,4,5,5'-PCB",-7.343
Clc1cc(Cl)c(cc1Cl)c2cccc(Cl)c2Cl ,-7.21,"2,2',3,4,5-PCB",-6.709
Clc1ccc(c(Cl)c1)c2c(Cl)ccc(Cl)c2Cl ,-7.43,"2,2',3,4,6-PCB",-6.627
Clc1ccc(Cl)c(c1)c2c(Cl)c(Cl)cc(Cl)c2Cl ,-7.42,"2,2',3,5,5',6-PCB",-7.261
Clc1ccc(Cl)c(c1)c2cccc(Cl)c2Cl ,-6.47,"2,2',3,5'-PCB",-6.155
CC(C)C(C)(C)C,-4.36,"2,2,3-Trimethylbutane",-2.922
Clc1cc(Cl)c(cc1Cl)c2cc(Cl)c(Cl)cc2Cl ,-8.56,"2,2',4,4',5,5'-PCB",-7.343
Clc1cc(Cl)c(c(Cl)c1)c2c(Cl)cc(Cl)cc2Cl ,-8.71,"2,2',4,4',6,6'-PCB",-7.179
Clc1ccc(c(Cl)c1)c2cc(Cl)ccc2Cl ,-6.57,"2,2',4,5'-PCB",-6.23
Clc1cc(Cl)c(c(Cl)c1)c2c(Cl)cccc2Cl,-7.32,"2,2,4,6,6'-PCB",-6.545
CC(C)CC(C)(C)C,-4.74,"2,2,4-Trimethylpentane",-3.276
CC(C)CCC(C)(C)C,-5.05,"2,2,5-Trimethylhexane",-3.631
Clc1cccc(Cl)c1c2c(Cl)cccc2Cl ,-7.39,"2,2',6,6'-PCB",-5.915
CCC(C)(C)CO,-1.04,"2,2-Dimethyl-1-butanol",-1.365
CCC(C)(C)C,-3.55,"2,2-Dimethylbutane",-2.584
CCCC(C)(C)C,-4.36,"2,2-Dimethylpentane",-2.938
CCCC(C)(C)CO,-1.52,"2,2-Dimethylpentanol",-1.719
CC(C)(C)CO,-0.4,"2,2-Dimethylpropanol",-1.011
Clc1ccccc1c2ccccc2Cl ,-5.27,"2,2'-PCB",-4.984
Clc1ccc(cc1Cl)c2cc(Cl)c(Cl)c(Cl)c2Cl ,-7.82,"2,3,3',4,4',5-PCB",-7.425
Clc1ccc(c(Cl)c1Cl)c2c(Cl)cc(Cl)c(Cl)c2Cl ,-7.66,"2,3,3',4,4'6-PCB",-7.746
Clc1ccc(c(Cl)c1)c2cc(Cl)c(Cl)c(Cl)c2Cl ,-7.39,"2,3',4,4',5-PCB",-7.343
Clc1ccc(c(Cl)c1)c2ccc(Cl)c(Cl)c2Cl ,-7.8,"2,3',4,4'-PCB",-6.709
Clc2c(Cl)c(Cl)c(c1ccccc1)c(Cl)c2Cl ,-7.92,"2,3,4,5,6-PCB",-6.785
Clc1ccc(Cl)c(c1)c2ccc(Cl)c(Cl)c2,-7.25,"2,3',4',5-PCB",-6.312
Oc1cc(Cl)c(Cl)c(Cl)c1Cl,-3.15,"2,3,4,5-Tetrachlorophenol",-4.335
Oc1c(Cl)cc(Cl)c(Cl)c1Cl,-3.1,"2,3,4,6-Tetrachlorophenol",-4.203
Clc1ccc(cc1)c2cccc(Cl)c2Cl ,-6.29,"2',3,4-PCB",-5.686
Clc1ccc(cc1)c2cccc(Cl)c2Cl ,-6.26,"2,3,4'-PCB",-5.686
Oc1ccc(Cl)c(Cl)c1Cl,-2.67,"2,3,4-Trichlorophenol",-3.705
CC(C)C(C)C(C)C,-4.8,"2,3,4-Trimethylpentane",-3.276
Oc1c(Cl)c(Cl)cc(Cl)c1Cl,-3.37,"2,3,5,6-Tetrachlorophenol",-4.203
Clc1cccc(c1)c2cc(Cl)ccc2Cl ,-6.01,"2,3',5-PCB",-5.762
Oc1cc(Cl)cc(Cl)c1Cl,-2.67,"2,3,5-Trichlorophenol",-3.78
Oc1c(Cl)ccc(Cl)c1Cl,-2.64,"2,3,6-Trichlorophenol",-3.572
O=N(=O)c1c(Cl)c(Cl)ccc1,-3.48,"2,3-Dichloronitrobenzene",-3.322
Oc1cccc(Cl)c1Cl,-1.3,"2,3-Dichlorophenol",-3.144
CC(=C)C(=C)C,-2.4,"2,3-Dimethyl-1,3-Butadiene",-2.052
CC(C)C(C)C,-3.65,"2,3-Dimethylbutane",-2.584
Cc1cc2ccccc2cc1C,-4.72,"2,3-Dimethylnaphthalene",-4.116
CCC(C)C(C)C,-4.28,"2,3-Dimethylpentane",-2.938
Cc1cccnc1C,0.38,"2,3-Dimethylpyridine",-2.067
Clc1ccc(cc1)c2cc(Cl)ccc2Cl ,-6.27,"2,4,5-PCB",-5.762
Clc1ccc(cc1)c2cc(Cl)ccc2Cl ,-6.25,"2,4',5-PCB",-5.762
Oc1cc(Cl)c(Cl)cc1Cl,-2.21,"2,4,5-Trichlorophenol ",-3.78
Clc1ccc(cc1)c2c(Cl)cccc2Cl ,-6.14,"2,4,6-PCB",-5.604
Oc1c(Cl)cc(Cl)cc1Cl,-2.34,"2,4,6-Trichlorophenol",-3.648
Cc1cc(C)c(O)c(C)c1,-2.05,"2,4,6-Trimethylphenol",-2.941
Cc1c(cc(cc1N(=O)=O)N(=O)=O)N(=O)=O,-3.22,"2,4,6-Trinitrotoluene",-2.606
Oc1ccc(Cl)cc1Cl,-1.55,"2,4-Dichlorophenol ",-3.22
CC(C)CC(C)(C)O,-0.92,"2,4-Dimethyl-2-pentanol ",-1.647
CC(C)C(O)C(C)C,-1.22,"2,4-Dimethyl-3-pentanol",-1.647
CC(C)C(=O)C(C)C,-1.3,"2,4-Dimethyl-3-pentanone",-1.752
CC(C)CC(C)C,-4.26,"2,4-Dimethylpentane",-2.938
Cc1ccc(O)c(C)c1,-1.19,"2,4-Dimethylphenol",-2.621
Cc1ccnc(C)c1,0.38,"2,4-Dimethylpyridine",-2.098
Cc1ccc(cc1N(=O)=O)N(=O)=O,-2.82,"2,4-Dinitrotoluene",-2.604
Clc1ccc(cc1)c2ccccc2Cl ,-5.28,"2,4'-PCB",-5.142
Clc1ccc(cc1)c2ccccc2Cl ,-5.25,"2,4-PCB",-5.142
Oc1c(Cl)cccc1Cl,-1.79,"2,6-Dichlorophenol",-3.012
Cc1ccc2cc(C)ccc2c1,-4.89,"2,6-Dimethylnaphthalene ",-4.147
Cc1cccc(C)c1O,-1.29,"2,6-Dimethylphenol",-2.589
Cc1cccc(C)n1,0.45,"2,6-Dimethylpyridine",-2.098
Cc1c(cccc1N(=O)=O)N(=O)=O,-3,"2,6-Dinitrotoluene",-2.553
Clc1cccc(Cl)c1c2ccccc2 ,-5.21,"2,6-PCB",-4.984
c2c(C)cc1nc(C)ccc1c2 ,-1.94,"2,7-dimethylquinoline",-3.342
Nc3ccc2cc1ccccc1cc2c3 ,-5.17,2-aminoanthracene,-3.789
c1c(Br)ccc2ccccc12 ,-4.4,2-bromonaphthalene,-4.434
Brc1ccc2ccccc2c1,-4.4,2-Bromonapthalene,-4.434
CC(C)Br,-1.59,2-Bromopropane,-1.949
Cc1ccccc1Br,-2.23,2-Bromotoluene,-3.667
CCC(=O)C,0.52,2-Butanone,-0.491
CC=CC=O,0.32,2-butenal,-0.604
CCCCOCCO,-0.42,2-Butoxyethanol,-0.775
CCC(C)(C)Cl,-2.51,2-Chloro-2-methylbutane,-2.278
COc1ccccc1Cl,-2.46,2-Chloroanisole,-2.912
Clc1ccccc1c2ccccc2,-4.54,2-Chlorobiphenyl,-4.528
CCC(C)Cl,-1.96,2-Chlorobutane,-1.94
Clc1ccc2ccccc2c1,-4.14,2-Chloronapthalene,-4.063
Oc1ccccc1Cl,-1.06,2-Chlorophenol,-2.553
CC(C)Cl,-1.41,2-Chloropropane,-1.585
Cc1ccccc1Cl,-3.52,2-Chlorotoluene,-3.297
NC(N)=NC#N ,-0.31,2-cyanoguanidine,0.361
CCCCCCCCC(=O)C,-3.3,2-Decanone,-2.617
CCc1ccccn1,0.51,2-Ethyl pyridine,-2.051
CCC(CC)CO,-1.17,2-Ethyl-1-butanol,-1.381
CCCCC(CC)CO,-2.11,2-Ethyl-1-hexanol,-2.089
CCCC=C(CC)C=O,-2.46,2-Ethyl-2-hexanal,-2.081
CCC(CC)C=O,-1.52,2-Ethylbutanal,-1.523
CCCCC(CC)C=O,-2.13,2-Ethylhexanal,-2.232
CCc1ccc2ccccc2c1,-4.29,2-Ethylnaphthalene,-4.1
CCc1ccccc1C,-3.21,2-Ethyltoluene,-3.296
CCCCCC(C)O,-1.55,2-Heptanol ,-1.678
CCCCCC(=O)C,-1.45,2-Heptanone,-1.554
CCCCC(C)O,-0.89,2-Hexanol,-1.324
CCCCC(=O)C,-0.8,2-Hexanone,-1.2
Oc2ncc1nccnc1n2,-1.947,2-hydroxypteridine,-1.404
Oc1ccccn1,1.02,2-Hydroxypyridine,-1.655
CC(C)I,-2.09,2-Iodopropane,-2.486
CC(C)c1ccccc1C,-3.76,2-Isopropyltoluene,-3.585
COc2ncc1nccnc1n2,-1.11,2-methoxypteridine,-1.589
CC=C(C)C,-2.56,2-Methy-2-Butene,-1.994
CC(=C)C=C,-2.03,"2-Methyl-1,3-Butadiene ",-1.714
CCC(=C)C,-2.73,2-Methyl-1-Butene,-1.994
CCCC(=C)C,-3.03,2-Methyl-1-Pentene,-2.348
CCCCCC(C)(C)O,-1.72,2-Methyl-2-heptanol,-2.017
CCCCC(C)(C)O,-1.08,2-Methyl-2-hexanol,-1.663
CCCC(C)(C)O,-0.49,2-Methyl-2-pentanol,-1.308
CCC(O)C(C)C,-0.7,2-Methyl-3-pentanol,-1.308
Cc1ccc2cc3ccccc3cc2c1,-6.96,2-Methylanthracene,-4.87
CCC(C)(C)O,0.15,2-Methylbutan-2-ol,-0.954
CCC(C)C,-3.18,2-Methylbutane,-2.245
CCC(C)CO,-0.47,2-Methylbutanol,-1.027
CCCCCC(C)C,-5.08,2-Methylheptane,-3.308
Cc1ccc2ccccc2c1,-3.77,2-Methylnapthalene,-3.802
CCCC(C)C,-3.74,2-Methylpentane,-2.6
CCCC(C)CO,-1.11,2-Methylpentanol,-1.381
Cc1ccc2c(ccc3ccccc32)c1,-5.84,2-Methylphenanthrene,-4.87
Cc1ccccc1O,-0.62,2-Methylphenol,-2.281
CC(C)CO,0.1,2-Methylpropan-1-ol,-0.672
CC(C)C,-2.55,2-Methylpropane,-1.891
CC(=C)C,-2.33,2-Methylpropene,-1.573
Cc2ncc1nccnc1n2,-0.12,2-methylpteridine,-1.24
CC1CCCO1,0.11,2-Methyltetrahydrofurane,-1.034
Oc1ccc2ccccc2c1,-2.28,2-Napthol,-3.08
CC(C)N(=O)=O,-0.62,2-Nitropropane,-0.743
CCCCCCCC(C)O,-2.74,2-Nonanol,-2.387
CCCCCCCC(=O)C,-2.58,2-Nonanone,-2.263
CCCCCCC(C)O,-2.09,2-Octanol,-2.033
CCCCCCC(=O)C,-2.05,2-Octanone,-1.909
CCCC(C)O,-0.29,2-Pentanol,-0.97
CCCC(=O)C,-0.19,2-Pentanone,-0.846
OCCOc1ccccc1,-0.7,2-Phenoxyethanol,-1.761
CC(C)O,0.43,2-Propanol,-0.261
O=C1CCCN1,1.07,2-pyrrolidone,0.243
CCCCCCCCCC(C)O,-2.94,2-Undecanol,-3.096
CC(C)(C)CCO,-0.5,"3,3-Dimethyl-1-butanol",-1.365
CC(O)C(C)(C)C,-0.62,"3,3-Dimethyl-2-butanol",-1.292
CC(=O)C(C)(C)C,-0.72,"3,3-Dimethyl-2-butanone",-1.25
CCC(C)(C)CC,-4.23,"3,3-Dimethylpentane",-2.938
O=N(=O)c1cc(Cl)c(Cl)cc1,-3.2,"3,4-Dichloronitrobenzene",-3.448
Oc1ccc(Cl)c(Cl)c1,-1.25,"3,4-Dichlorophenol",-3.352
Cc1ccc(O)cc1C,-1.38,"3,4-Dimethylphenol",-2.621
Cc1ccncc1C,0.36,"3,4-Dimethylpyridine",-2.067
Clc1ccc(cc1Cl)c2ccccc2 ,-6.39,"3,4-PCB",-5.223
Oc1cc(Cl)cc(Cl)c1,-1.34,"3,5-Dichlorophenol",-3.428
Cc1cc(C)cc(O)c1,-1.4,"3,5-Dimethylphenol",-2.652
Cc1cncc(C)c1,0.38,"3,5-Dimethylpyridine",-2.098
O=C1N(COC(=O)CCC)C(=O)C(N1)(c2ccccc2)c3ccccc3,-5.071,3-Butanoyloxymethylphenytoin,-3.469
COc1cccc(Cl)c1,-2.78,3-Chloroanisole,-3.057
c1c(Cl)cccc1c2ccccc2,-4.88,3-Chlorobiphenyl,-4.685
Oc1cccc(Cl)c1,-0.7,3-Chlorophenol,-2.761
ClCCC#N ,-0.29,3-chloropropionitrile,-0.522
O=C1N(COC(=O)C)C(=O)C(N1)(c2ccccc2)c3ccccc3,-4.47,3-Ethanoyloxymethylphenytoin,-2.723
CCC(O)(CC)CC,-0.85,3-Ethyl-3-pentanol,-1.663
CCCCC(O)CC,-1.47,3-Heptanol ,-1.678
O=C1N(COC(=O)CCCCCC)C(=O)C(N1)(c2ccccc2)c3ccccc3,-6.301,3-Heptanoyloxymethylphenytoin,-4.496
CCCC(O)CC,-0.8,3-Hexanol,-1.324
CCCC(=O)CC,-0.83,3-Hexanone,-1.266
O=C1N(COC(=O)CCCCC)C(=O)C(N1)(c2ccccc2)c3ccccc3,-5.886,3-Hexanoyloxymethylphenyltoin,-4.153
CCC#CCC,-1.99,3-Hexyne,-1.933
CC(C)C=C,-2.73,3-Methyl-1-Butene,-1.994
CC(C)C(C)O,-0.18,3-Methyl-2-butanol,-0.954
CC(C)C(=O)C,-0.12,3-Methyl-2-butanone,-0.912
CCC(C)CCO,-0.72,3-Methyl-2-pentanol,-1.381
CCC(C)CCO,-0.71,3-Methyl-2-pentanol,-1.308
CCC(C)C(=O)C,-0.67,3-Methyl-2-pentanone,-1.266
CCCCC(C)(O)CC,-1.6,3-Methyl-3-heptanol,-2.017
CCCC(C)(O)CC,-0.98,3-Methyl-3-hexanol,-1.663
CCC(C)(O)CC,-0.36,3-Methyl-3-pentanol,-1.308
CC(C)CCO,-0.51,3-Methylbutan-1-ol,-1.027
c1cc(C)cc2c1c3cc4cccc5CCc(c45)c3cc2,-7.92,3-Methylcholanthrene,-6.311
CCCCC(C)CC,-5.16,3-Methylheptane,-3.308
Cc1c[nH]c2ccccc12 ,-2.42,3-methylindole,-2.981
CCC(C)CC,-3.68,3-Methylpentane,-2.6
Cc1cccc(O)c1,-0.68,3-Methylphenol,-2.313
CCCCCC(O)CC,-1.98,3-Octanol,-2.033
O=C1N(COC(=O)CCCCCCC)C(=O)C(N1)(c2ccccc2)c3ccccc3,-6.523,3-Octanoyloxymethylphenytoin,-4.84
CCC(O)CC,-0.24,3-Pentanol,-0.97
CCC(=O)CC,-0.28,3-Pentanone,-0.912
O=C1N(COC(=O)CCCC)C(=O)C(N1)(c2ccccc2)c3ccccc3,-4.678,3-Pentanoyloxymethylphenytoin,-3.81
O=C1N(COC(=O)CC)C(=O)C(N1)(c2ccccc2)c3ccccc3,-4.907,3-Propanoyloxymethylphenytoin,-3.128
Clc1ccc(cc1)c2ccc(Cl)cc2 ,-6.56,"4,4'-PCB",-5.299
Oc1ccc(Br)cc1,-1.09,4-Bromophenol,-3.132
Cc1ccc(Br)cc1,-3.19,4-Bromotoluene,-3.667
COc1ccc(Cl)cc1,-2.78,4-Chloroanisole,-3.057
Oc1ccc(Cl)cc1,-0.7,4-Chlorophenol ,-2.761
Cc1ccc(Cl)cc1,-3.08,4-Chlorotoluene,-3.297
CCc1ccc(C)cc1,-3.11,4-Ethyltoluene,-3.328
CCCC(O)CCC,-1.4,4-Heptanol,-1.678
CCCC(=O)CCC,-1.3,4-Heptanone,-1.62
c1(O)cc(O)ccc1CCCCCC,-2.59,4-hexylresorcinol,-3.493
Oc1ccncc1,1.02,4-hydroxypyridine,-1.655
CC(C)c1ccc(C)cc1,-3.77,4-Isopropyltoluene,-3.617
COc1ncnc2nccnc12 ,-1.11,4-methoxypteridine,-1.589
CC(C)CC(C)O,-0.8,4-Methyl-2-pentanol,-1.308
CC(C)CC(=O)C,-0.74,4-Methyl-2-pentanone,-1.184
Cc1ccc(cc1)c2ccccc2,-4.62,4-Methylbiphenyl,-4.424
CC(C)CCCO,-1.14,4-Methylpentanol,-1.381
Cc1ncnc2nccnc12,-0.466,4-methylpteridine,-1.24
CC(=O)Nc1ccc(cc1)N(=O)=O,-2.692,4-Nitroacetanilide,-2.219
OCCCC=C,-0.15,4-Pentene-1-ol,-0.791
O=C1NC(=O)NC(=O)C1(CC)CC=C(C)C,-2.253,5-(3-Methyl-2-butenyl)-5-ethylbarbital,-2.126
O=C1NC(=O)NC(=O)C1(C(C)C)CC=C(C)C,-2.593,5-(3-Methyl-2-butenyl)-5-isoPrbarbital,-2.465
O=C1NC(=O)NC(=O)C1(CC=C)CC=C,-2.077,"5,5-Diallylbarbital",-1.471
O=C1NC(=O)NC(=O)C1(C(C)C)C(C)C,-2.766,"5,5-Diisopropylbarbital",-1.942
O=C1NC(=O)NC(=O)C1(C)C,-1.742,"5,5-Dimethylbarbituric acid",-0.556
Oc2ccc1CCCCc1c2 ,-1.99,"5,6,7,8-tetrahydro-2-naphthol",-3.086
Cc1c(C)c2c3ccccc3ccc2c4ccccc14,-7.01,"5,6-Dimethylchrysene",-6.265
O=C1NC(=O)NC(=O)C1(CC)CC=C,-1.614,5-Allyl-5-ethylbarbital,-1.368
O=C1NC(=O)NC(=O)C1(C(C)C)CC=C,-1.708,5-Allyl-5-isopropylbarbital,-1.706
O=C1NC(=O)NC(=O)C1(C)CC=C,-1.16,5-Allyl-5-methylbarbital,-1.013
O=C1NC(=O)NC(=O)C1(CC=C)c1ccccc1,-2.369,5-Allyl-5-phenylbarbital,-2.36
O=C1NC(=O)NC(=O)C1(CC)CCC(C)C,-2.658,5-Ethyl-5-(3-methylbutyl)barbital,-2.312
O=C1NC(=O)NC(=O)C1(CC)C(C)C,-2.148,5-Ethyl-5-isopropylbarbituric acid,-1.603
O=C1NC(=O)NC(=O)C1(CC)c1ccccc1,-2.322,5-Ethyl-5-phenylbarbital,-2.272
Fc1c[nH]c(=O)[nH]c1=O ,-1.077,5-fluorouracil,-0.792
Oc1cccc2ncccc12 ,-2.54,5-hydroxyquinoline,-2.725
O=C1NC(=O)NC(=O)C1(C)CC,-1.228,5-Methyl-5-ethylbarbituric acid,-0.911
c1cccc2c3c(C)cc4ccccc4c3ccc12,-6.59,5-Methylchrysene,-5.931
Nc1c(C)c[nH]c(=O)n1 ,-1.458,5-methylcytosine,-0.257
CCCCC(=O)CCCC,-2.58,5-Nonanone,-2.329
Nc3cc2c1ccccc1ccc2c4ccccc34 ,-6.2,6-aminochrysene,-4.849
Oc2ccc1ncccc1c2 ,-2.16,6-hydroxyquinoline,-2.725
COc2cnc1ncncc1n2,-1.139,6-methoxypteridine,-1.589
Cc1cc2c3ccccc3ccc2c4ccccc14,-6.57,6-Methylchrysene,-5.931
Cc1c2ccccc2c(C)c3ccc4ccccc4c13,-7.02,"7,12-Dimethylbenz(a)anthracene",-6.297
COc2cnc1cncnc1n2,-0.91,7-methoxypteridine,-1.589
Cc2cnc1cncnc1n2,-0.854,7-methylpteridine,-1.24
Oc1cccc2cccnc12 ,-2.42,8-quinolinol,-2.725
Cc1c2ccccc2c(C)c3ccccc13,-6.57,"9,10-Dimethylanthracene",-5.228
c3ccc2c(O)c1ccccc1cc2c3 ,-4.73,9-anthrol,-4.148
Cc1c2ccccc2cc3ccccc13,-5.89,9-Methylanthracene,-4.87
COP(=S)(OC)Oc1ccc(Sc2ccc(OP(=S)(OC)OC)cc2)cc1,-6.237,Abate,-6.678
C1Cc2cccc3cccc1c23,-4.63,Acenapthene,-3.792
C1=Cc2cccc3cccc1c23,-3.96,Acenapthylene,-3.682
COP(=O)(NC(C)=O)SC ,0.54,Acephate,-0.416
CC(=O)N,1.58,Acetamide,0.494
CC(=O)Nc1ccccc1,-1.33,Acetanilide,-1.857
CC(=O)Nc1nnc(s1)S(N)(=O)=O ,-2.36,acetazolamide,-0.793
CC#N,0.26,Acetonitrile,0.152
CC(=O)c1ccccc1,-1.28,Acetophenone,-2.078
CC(=O)N(S(=O)c1ccc(N)cc1)c2onc(C)c2C ,-3.59,acetyl sulfisoxazole,-2.024
c3ccc2nc1ccccc1cc2c3,-3.67,Acridine,-3.846
C=CC=O,0.57,Acrolein,-0.184
C=CC#N,0.15,Acrylonitrile,-0.354
Nc1ncnc2nc[nH]c12 ,-2.12,adenine,-1.255
CC34CC(=O)C1C(CCC2=CC(=O)CCC12C)C3CCC4(=O) ,-3.48,adrenosterone,-2.99
CCc1cccc(CC)c1N(COC)C(=O)CCl ,-3.26,alachlor,-3.319
CC13CCC(=O)C=C1CCC4C2CCC(C(=O)CO)C2(CC(O)C34)C=O ,-3.85,aldosterone,-3.066
ClC1=C(Cl)C2(Cl)C3C4CC(C=C4)C3C1(Cl)C2(Cl)Cl,-6.307,Aldrin,-5.511
NC(=O)NC1NC(=O)NC1=O ,-1.6,allantoin,0.652
C=CCS(=O)SCC=C,-0.83,allicin,-2.045
O=c1[nH]cnc2[nH]ncc12 ,-2.266,allopurinol,-0.84
O=C1NC(=O)C(=O)C(=O)N1 ,-1.25,alloxan,0.436
C1(=O)NC(=O)NC(=O)C1(O)C2(O)C(=O)NC(=O)NC2(=O),-1.99,alloxantin,0.919
CN(C)c1nc(nc(n1)N(C)C)N(C)C,-3.364,Altretamine,-2.492
CCNc1nc(NC(C)C)nc(SC)n1,-3.04,Ametryn,-3.43
OCC3OC(OCC2OC(OC(C#N)c1ccccc1)C(O)C(O)C2O)C(O)C(O)C3O ,-0.77,Amigdalin,-0.974
CNC(=O)Oc1ccc(N(C)C)c(C)c1,-2.36,Aminocarb,-2.677
CN(C)c2c(C)n(C)n(c1ccccc1)c2=O ,-0.364,aminopyrine,-2.129
Nc1nccs1 ,-0.36,aminothiazole,-1.226
CN(C=Nc1ccc(C)cc1C)C=Nc2ccc(C)cc2C,-5.47,Amitraz,-5.533
Nc1nc[nH]n1,0.522,Amitrole,-0.674
CCC1(CCC(C)C)C(=O)NC(=O)NC1=O,-2.468,Amobarbital,-2.312
Cc2c(N)c(=O)n(c1ccccc1)n2C,-0.624,ampyrone,-1.192
COc1ccc(cc1)C(O)(C2CC2)c3cncnc3 ,-2.596,Ancymidol,-2.181
CC34CCC1C(CCC2=CC(=O)CCC12C)C3CCC4=O,-3.69,Androstenedione,-3.393
CC12CCC(O)CC1CCC3C2CCC4(C)C3CCC4=O,-4.402,Androsterone,-3.882
COc1ccc(C=CC)cc1,-3.13,Anethole,-3.254
Nc1ccccc1,-0.41,Aniline ,-1.632
COP(=S)(OC)SCC(=O)N(C(C)C)c1ccc(Cl)cc1,-4.432,Anilofos,-5.106
COc1ccccc1,-1.85,Anisole,-2.368
c1ccc2cc3ccccc3cc2c1,-6.35,Anthracene,-4.518
O=C1c2ccccc2C(=O)c3ccccc13,-5.19,Anthraquinone,-3.34
Cc1cc(=O)n(c2ccccc2)n1C,0.715,Antipyrene,-1.733
CCCC1C(=O)N3N(C1=O)c2cc(C)ccc2N=C3N(C)C ,-3.538,Apazone,-2.9
OC4=C(C1CCC(CC1)c2ccc(Cl)cc2)C(=O)c3ccccc3C4=O,-5.931,"Atovaquone(0,430mg/ml) - neutral",-6.269
CCNc1nc(NC(C)C)nc(OC)n1,-2.084,Atratone,-3.185
CCNc1nc(Cl)nc(NC(C)C)n1,-3.85,Atrazine,-3.069
CCN(CC)C(=O)CSc1ccc(Cl)nn1,-1.716,Azintamide,-2.231
N(=Nc1ccccc1)c2ccccc2,-4.45,Azobenzene,-4.034
CNC(=O)C=C(C)OP(=O)(OC)OC,0.651,Azodrin,-0.949
ClCC#CCOC(=O)Nc1cccc(Cl)c1,-4.37,Barban,-4.16
O=C1NC(=O)NC(=O)C1(CC)CC,-2.4,Barbital,-1.265
NS(=O)(=O)c3cc2c(NC(Cc1ccccc1)NS2(=O)=O)cc3C(F)(F)F,-3.59,Bendroflumethiazide,-3.741
CCCCN(CC)c1c(cc(cc1N(=O)=O)C(F)(F)F)N(=O)=O,-5.53,Benfluralin,-5.205
CCOC(=O)CCN(SN(C)C(=O)Oc1cccc2CC(C)(C)Oc21)C(C)C,-4.71,Benfuracarb,-5.133
c1c(NC(=O)c2ccccc2(I))cccc1,-4.21,benodanil,-4.245
CCCCNC(=O)n1c(NC(=O)OC)nc2ccccc12,-4.883,Benomyl,-2.902
CC(C)OP(=S)(OC(C)C)SCCNS(=O)(=O)c1ccccc1,-4.2,Bensulide,-4.99
O=Cc1ccccc1,-1.19,Benzaldehyde,-1.999
NC(=O)c1ccccc1,-0.96,Benzamide,-1.501
c1ccccc1,-1.64,Benzene ,-2.418
c1ccccc1C(O)c2ccccc2,-2.55,benzhydrol,-3.033
O=C(Cn1ccnc1N(=O)=O)NCc2ccccc2,-2.81,Benznidazole,-2.321
C1c2ccccc2c3ccc4ccccc4c13,-6.68,Benzo(a)fluorene,-5.189
c1ccc2c(c1)cc3ccc4cccc5ccc2c3c45,-8.699,Benzo(a)pyrene,-6.007
c1ccc2c(c1)c3cccc4c3c2cc5ccccc54,-8.23,Benzo(b)fluoranthene,-6.007
C1c2ccccc2c3cc4ccccc4cc13,-8.04,Benzo(b)fluorene,-5.189
c1ccc2c(c1)c3cccc4ccc5cccc2c5c43,-7.8,Benzo(e)pyrene,-6.007
c1ccc2c3c(ccc2c1)c4cccc5cccc3c45,-8,Benzo(j)fluoranthene,-6.007
c1ccc2cc3c4cccc5cccc(c3cc2c1)c45,-8.49,Benzo(k)fluoranthene,-6.007
c1cc2ccc3ccc4ccc5cccc6c(c1)c2c3c4c56,-9.018,Benzo[ghi]perylene,-6.446
CCOC(=O)c1ccc(N)cc1,-2.616,Benzocaine,-2.383
OC(C(=O)c1ccccc1)c2ccccc2,-2.85,benzoin,-3.148
N#Cc1ccccc1,-1,Benzonitrile,-2.03
O=C(c1ccccc1)c2ccccc2,-3.12,Benzophenone,-3.612
c2ccc1scnc1c2 ,-1.5,benzothiazole,-2.733
c2ccc1[nH]nnc1c2,-0.78,Benzotriazole,-2.21
c2ccc1ocnc1c2,-1.16,Benzoxazole,-2.214
ClCc1ccccc1,-2.39,Benzylchloride,-2.887
FC(F)(F)c1ccccc1,-2.51,Benzyltrifluoride,-3.099
NC(=O)NCc1ccccc1 ,-0.95,benzylurea,-1.509
CCCCC(=O)OC3(C(C)CC4C2CCC1=CC(=O)C=CC1(C)C2(F)C(O)CC34C)C(=O)CO,-4.71,Betamethasone-17-valerate,-5.062
C(Cc1ccccc1)c2ccccc2,-4.62,Bibenzyl ,-4.301
c1ccc(cc1)c2ccccc2,-4.345,Biphenyl,-4.079
c2ccc1nc(ccc1c2)c4ccc3ccccc3n4 ,-5.4,biquinoline,-4.903
CC1(C)C2CCC1(C)C(O)C2,-2.32,borneol,-2.423
CCC(C)n1c(=O)[nH]c(C)c(Br)c1=O ,-2.523,Bromacil,-3.419
OC(CC(c1ccccc1)c3c(O)c2ccccc2oc3=O)c4ccc(cc4)c5ccc(Br)cc5 ,-4.445,bromadiolone,-7.877
Brc1ccccc1,-2.55,Bromobenzene,-3.345
ClCBr,-0.89,Bromochloromethane,-1.519
BrC(Cl)Cl,-1.54,Bromodichloromethane,-2.176
CCBr,-1.09,Bromoethane,-1.529
CBr,-0.79,Bromomethane,-1.109
COP(=S)(OC)Oc1cc(Cl)c(Br)cc1Cl,-6.09,Bromophos,-5.604
CC(C)OC(=O)C(O)(c1ccc(Br)cc1)c2ccc(Br)cc2 ,-4.93,bromopropylate,-5.833
Oc1c(Br)cc(C#N)cc1Br ,-3.33,bromoxynil,-3.793
c1ccccc1n2ncc(N)c(Br)c2(=O),-3.127,brompyrazone,-3.005
CCCCc1c(C)nc(NCC)nc1OS(=O)(=O)N(C)C ,-4.16,bupirimate,-3.493
O=C1NC(=O)NC(=O)C1(CC)C(C)CC,-2.39,Butabarbital,-1.958
c1(C(C)(C)C)cc(C(C)(C)C)cc(OC(=O)NC)c1,-4.24,butacarb,-4.642
CCCCOCN(C(=O)CCl)c1c(CC)cccc1CC ,-4.19,butachlor,-4.347
CCC(C)C1(CC(Br)=C)C(=O)NC(=O)NC1=O ,-2.647,butallylonal,-2.766
CCCCOC(=O)c1ccc(N)cc1,-3.082,Butamben,-3.039
CCC(C)O,0.47,Butan-2-ol,-0.616
CCCC,-2.57,Butane,-1.907
CCCCS,-2.18,Butanethiol ,-1.676
CCCCC1(CC)C(=O)NC(=O)NC1=O,-1.661,Butethal,-1.974
CN1CC(O)N(C1=O)c2nnc(s2)C(C)(C)C,-1.877,Buthidazole,-2.398
CC(C#C)N(C)C(=O)Nc1ccc(Cl)cc1,-3.9,Buturon,-3.199
CCCCOC=O,-1.37,Butyl acetate,-1.111
CCSC(=O)N(CC(C)C)CC(C)C,-3.68,Butylate,-3.453
CCCCc1ccccc1,-4.06,Butylbenzene,-3.585
CCCC=O,-0.01,Butyraldehyde,-0.749
Cn1cnc2n(C)c(=O)n(C)c(=O)c12,-0.876,Caffeine,-1.498
CC1(C)C2CCC1(C)C(=O)C2,-1.96,Camphor,-2.158
CCCCCC=O,-1.3,Caproaldehyde,-1.457
ClC(Cl)C(Cl)(Cl)SN2C(=O)C1CC=CCC1C2=O ,-5.4,captafol,-4.365
O=C(Nc1ccccc1)Nc2ccccc2,-3.15,Carbanilide,-3.611
CNC(=O)Oc1cccc2ccccc12,-3.224,Carbaryl,-3.087
c1ccc2c(c1)[nH]c3ccccc32,-5.27,Carbazole,-3.836
c1c(NC(=O)OC(C)C(=O)NCC)cccc1,-1.83,Carbetamide,-2.29
CNC(=O)Oc1cccc2CC(C)(C)Oc12,-2.8,Carbofuran,-3.05
CCOP(=S)(OCC)SCSc1ccc(Cl)cc1,-5.736,Carbophenthion,-5.828
CC1=C(SCCO1)C(=O)Nc2ccccc2,-3.14,Carboxin,-2.927
CCC(Br)(CC)C(=O)NC(N)=O,-2.68,Carbromal,-2.198
c1(O)c(C)ccc(C(C)C)c1,-2.08,Carvacrol,-3.224
CC(=C)C1CC=C(C)C(=O)C1,-2.06,Carvone,-2.042
OCC(O)C2OC1OC(OC1C2O)C(Cl)(Cl)Cl ,-1.84,chloralose,-1.887
OCC(NC(=O)C(Cl)Cl)C(O)c1ccc(cc1)N(=O)=O,-2.111,Chloramphenicol,-2.613
CCN(CC)c1nc(Cl)nc(n1)N(CC)CC,-4.411,Chlorazine,-3.663
CON(C)C(=O)Nc1ccc(Br)c(Cl)c1,-3.924,Chlorbromuron,-3.938
CC(OC(=O)Nc1cccc(Cl)c1)C#C,-2.617,Chlorbufam,-3.629
ClC1CC2C(C1Cl)C3(Cl)C(=C(Cl)C2(Cl)C3(Cl)Cl)Cl,-6.86,Chlordane,-6.039
ClC2=C(Cl)C3(Cl)C1C=CCC1C2(Cl)C3(Cl)Cl ,-5.64,Chlordene,-5.152
CN(C)C=Nc1ccc(Cl)cc1C,-2.86,chlordimeform,-3.164
CCOC(=O)c1ccccc1S(=O)(=O)NN(C=O)c2nc(Cl)cc(OC)n2,-4.576,Chlorimuron-ethyl (ph 7),-3.719
NC(=O)CCl ,-0.02,chloroacetamide,-0.106
ClCC#N,-0.092,Chloroacetonitrile,-0.448
Clc1ccccc1,-2.38,Chlorobenzene,-2.975
ClC(Br)Br,-1.9,Chlorodibromethane,-2.54
ClCC,-1.06,Chloroethane,-1.165
ClC=C,-1.75,Chloroethylene,-1.188
CC(C)OC(=O)Nc1cccc(Cl)c1,-3.38,Chloropham,-3.544
ClC(Cl)(Cl)N(=O)=O,-2,Chloropicrin,-1.866
c1ccc(Cl)cc1C(c2ccc(Cl)cc2)(O)C(=O)OC(C)C,-4.53,chloropropylate,-5.093
c1(C#N)c(Cl)c(C#N)c(Cl)c(Cl)c(Cl)1,-5.64,Chlorothalonil,-3.995
NS(=O)(=O)c2cc1c(N=CNS1(=O)=O)cc2Cl ,-3.05,chlorothiazide,-1.752
CN(C)C(=O)Nc1ccc(C)c(Cl)c1,-3.46,Chlorotoluron,-3.048
CN(C)C(=O)Nc2ccc(Oc1ccc(Cl)cc1)cc2,-4.89,Chloroxuron,-4.477
CCOP(=S)(OCC)Oc1nc(Cl)c(Cl)cc1Cl ,-5.67,chlorpyrifos,-4.972
c2(Cl)c(Cl)c(Cl)c1nccnc1c2(Cl) ,-5.43,chlorquinox,-4.438
NS(=O)(=O)c1cc(ccc1Cl)C2(O)NC(=O)c3ccccc23,-3.451,Chlorthalidone,-2.564
CN(C)C(=O)Nc1ccc(C)c(Cl)c1,-3.483,Chlortoluron,-3.048
Clc2ccc1oc(=O)[nH]c1c2,-2.831,Chlorzoxazone,-2.679
C1Cc2c3c1cccc3cc4c2ccc5ccccc54,-7.85,Cholanthrene,-5.942
c1ccc2c(c1)ccc3c4ccccc4ccc23,-8.057,Chrysene,-5.568
Cl\C=C/Cl,-1.3,"cis 1,2-Dichloroethylene",-1.561
C/C1CCCCC1\C,-4.3,"cis-1,2-Dimethylcyclohexane",-3.305
CC/C=C\C,-2.54,cis-2-Pentene,-2.076
CC(C)=CCCC(C)=CC(=O),-2.06,citral,-2.579
CC1(C)CON(Cc2ccccc2Cl)C1=O,-2.338,Clomazone,-3.077
Clc1ccccc1C2=NCC(=O)Nc3ccc(cc23)N(=O)=O,-3.499,Clonazepam,-3.707
c1cc2ccc3ccc4ccc5ccc6ccc1c7c2c3c4c5c67,-9.332,Coronene,-6.885
CC12CC(O)C3C(CCC4=CC(=O)CCC34C)C2CCC1C(=O)CO,-3.24,Corticosterone,-3.454
CC12CC(=O)C3C(CCC4=CC(=O)CCC34C)C2CCC1(O)C(=O)CO,-3.11,Cortisone,-2.893
CC(=O)OCC(=O)C3(O)CCC4C2CCC1=CC(=O)CCC1(C)C2C(=O)CC34C ,-4.21,cortisone acetate,-3.426
CC(=O)CC(c1ccc(Cl)cc1)c2c(O)c3ccccc3oc2=O,-5.839,Coumachlor,-4.554
CCOP(=S)(OCC)Oc2ccc1oc(=O)c(Cl)c(C)c1c2,-5.382,Coumaphos,-5.04
O=c2c(C3CCCc4ccccc43)c(O)c1ccccc1o2 ,-2.84,Coumatetralyl,-5.194
CCNc1nc(Cl)nc(NC(C)(C)C#N)n1,-3.15,Cyanazine,-2.49
CCSC(=O)N(CC)C1CCCCC1 ,-3.4,cycloate,-3.35
CCC1(C(=O)NC(=O)NC1=O)C2=CCCCC2 ,-2.17,cyclobarbital,-2.421
O=C2NC(=O)C1(CCC1)C(=O)N2,-1.655,Cyclobutyl-5-spirobarbituric acid,-0.527
C1CCCCCC1,-3.51,Cycloheptane,-2.916
OC1CCCCCC1,-0.88,Cycloheptanol,-1.7
C1CCC=CCC1,-3.18,Cycloheptene,-2.599
O=C2NC(=O)C1(CCCCCC1)C(=O)N2 ,-3.168,Cycloheptyl-5-spirobarbituric acid,-1.844
C1CCCCC1,-3.1,Cyclohexane,-2.477
OC1CCCCC1,-0.44,Cyclohexanol ,-1.261
O=C1CCCCC1,-0.6,Cyclohexanone,-0.996
C1CCC=CC1,-2.59,Cyclohexene,-2.16
CC1CC(C)C(=O)C(C1)C(O)CC2CC(=O)NC(=O)C2 ,-1.13,cycloheximide,-1.532
O=C2NC(=O)C1(CCCCC1)C(=O)N2,-3.06,Cyclohexyl-5-spirobarbituric acid,-1.405
C1CCCCCCC1,-4.15,Cyclooctane,-3.355
OC1CCCCCCC1,-1.29,Cyclooctanol,-2.14
O=C2NC(=O)C1(CCCCCCC1)C(=O)N2,-2.982,Cyclooctyl-5-spirobarbituric acid,-2.284
C1CCCC1,-2.64,Cyclopentane ,-2.038
C1CC=CC1,-2.1,Cyclopentene ,-1.72
O=C2NC(=O)C1(CCCC1)C(=O)N2,-2.349,Cyclopentyl-5-spirobarbituric acid,-0.966
O=C2NC(=O)C1(CC1)C(=O)N2 ,-1.886,Cyclopropyl-5-spirobarbituric acid,-0.088
CN(C)C(=O)NC1CCCCCCC1,-2.218,Cycluron,-2.629
CC1(C)C(C=C(Cl)Cl)C1C(=O)OC(C#N)c2ccc(F)c(Oc3ccccc3)c2,-7.337,Cyfluthrin,-6.84
CC1(C)C(C=C(Cl)C(F)(F)F)C1C(=O)OC(C#N)c2cccc(Oc3ccccc3)c2,-8.176,Cyhalothrin,-6.905
CC1(C)C(C=C(Cl)Cl)C1C(=O)OC(C#N)c2cccc(Oc3ccccc3)c2,-8.017,Cypermethrin,-6.775
Nc1cc[nH]c(=O)n1 ,-1.155,cytosine,0.051
CC23Cc1cnoc1C=C2CCC4C3CCC5(C)C4CCC5(O)C#C,-5.507,Danazol,-4.557
Nc1ccc(cc1)S(=O)(=O)c2ccc(N)cc2,-3.094,Dapsone,-2.464
ClC(Cl)C(c1ccc(Cl)cc1)c2ccc(Cl)cc2,-7.2,DDD,-6.008
ClC(Cl)=C(c1ccc(Cl)cc1)c2ccc(Cl)cc2,-6.9,DDE,-6.553
Clc1ccc(cc1)C(c2ccc(Cl)cc2)C(Cl)(Cl)Cl,-7.15,DDT,-6.638
C1CCC2CCCCC2C1,-5.19,Decalin,-3.715
CCCCSP(=O)(SCCCC)SCCCC,-5.14,DEF,-4.074
CC1(C)C(C=C(Br)Br)C1C(=O)OC(C#N)c2cccc(Oc3ccccc3)c2,-8.402,Deltamethrin,-7.44
CC12CCC3C(CCC4=CC(=O)CCC34C)C2CCC1C(=O)CO,-3.45,Deoxycorticosterone,-3.939
CC(=O)OCC(=O)C3CCC4C2CCC1=CC(=O)CCC1(C)C2CCC34C ,-4.63,deoxycorticosterone acetate,-4.472
CCOC(=O)Nc2cccc(OC(=O)Nc1ccccc1)c2 ,-4.632,Desmedipham,-4.182
CC1CC2C3CCC4=CC(=O)C=CC4(C)C3(F)C(O)CC2(C)C1(O)C(=O)CO,-3.59,Dexamethasone,-3.4
CC4CC3C2CCC1=CC(=O)C=CC1(C)C2(F)C(O)CC3(C)C4(O)C(=O)COC(C)=O ,-4.9,dexamethasone acetate,-3.933
CC2(C)C1CCC(C)(C1)C2=O,-1.85,D-fenchone,-2.158
CCCCC(CC)COC(=O)c1ccccc1C(=O)OCC(CC)CCCC,-6.96,Di(2-ethylhexyl)-phthalate,-7.117
CCOP(=S)(OCC)SC(CCl)N1C(=O)c2ccccc2C1=O,-6.34,Dialifor,-5.026
CCOP(=S)(OCC)SC(CCl)N2C(=O)c1ccccc1C2=O,-6.34,Dialifos,-5.026
CC(C)N(C(C)C)C(=O)SCC(=CCl)Cl,-4.286,Diallate,-3.827
CN2C(=O)CN=C(c1ccccc1)c3cc(Cl)ccc23,-3.754,Diazepam,-4.05
CCOP(=S)(OCC)Oc1cc(C)nc(n1)C(C)C,-3.64,Diazinon,-3.989
o1c2ccccc2c3ccccc13,-4.6,Dibenzofurane,-4.201
c1ccc2c(c1)sc3ccccc23,-4.38,Dibenzothiophene,-4.597
BrCBr,-1.17,Dibromomethane,-1.883
CCCCOCCCC,-1.85,Dibutyl ether ,-2.135
CCCCOC(=O)CCCCCCCCC(=O)OCCCC,-3.896,dibutyl sebacate,-4.726
CCCCOC(=O)c1ccccc1C(=O)OCCCC ,-4.4,dibutylphthalate,-4.378
COP(=S)(OC)Oc1ccc(cc1Cl)N(=O)=O,-4.31,Dicapthon,-4.188
ClCCl,-0.63,Dichloromethane,-1.156
Oc1ccc(Cl)cc1Cc2cc(Cl)ccc2O,-3.953,Dichlorophen,-4.924
OC(c1ccc(Cl)cc1)(c2ccc(Cl)cc2)C(Cl)(Cl)Cl,-5.666,Dicofol,-6.268
ClC4=C(Cl)C5(Cl)C3C1CC(C2OC12)C3C4(Cl)C5(Cl)Cl,-6.29,Dieldrin,-4.533
CC=C(C(=CC)c1ccc(O)cc1)c2ccc(O)cc2,-4.95,Dienestrol,-4.775
ClC1=C(Cl)C(Cl)(C(=C1Cl)Cl)C2(Cl)C(=C(Cl)C(=C2Cl)Cl)Cl,-7.278,Dienochlor,-7.848
CCOCC,-0.09,Diethyl ether ,-0.718
CCOC(=O)c1ccccc1C(=O)OCC,-2.35,Diethyl phthalate ,-3.016
CCSCC,-1.34,Diethyl sulfide,-1.598
CCSSCC,-2.42,Diethyldisulfide,-2.364
CCC(=C(CC)c1ccc(O)cc1)c2ccc(O)cc2 ,-4.07,diethylstilbestrol,-5.074
COc2ccc(Oc1ccc(NC(=O)N(C)C)cc1)cc2,-4.16,Difenoxuron,-3.928
Fc1cccc(F)c1C(=O)NC(=O)Nc2ccc(Cl)cc2,-6.02,difluron,-4.692
CC1OC(CC(O)C1O)OC2C(O)CC(OC2C)OC8C(O)CC(OC7CCC3(C)C(CCC4C3CCC5(C)C(CCC45O)C6=CC(=O)OC6)C7)OC8C ,-5.293,Digitoxin,-6.114
CC1OC(CC(O)C1O)OC2C(O)CC(OC2C)OC8C(O)CC(OC7CCC3(C)C(CCC4C3CC(O)C5(C)C(CCC45O)C6=CC(=O)OC6)C7)OC8C ,-4.081,"Digoxin (L1=41,8mg/mL, L2=68,2mg/mL, Z=40,1mg/mL)",-5.312
CCCCCCOC(=O)c1ccccc1C(=O)OCCCCCC,-6.144,Dihexyl phthalate,-5.758
ICI,-2.34,Diiodomethane,-2.958
c1(C(=O)OCCCCCC(C)(C))c(C(=O)OCCCCCC(C)(C))cccc1,-6.637,diisooctyl phthalate,-7.117
CC(C)OC(C)C,-1.1,Diisopropyl ether ,-1.281
CC(C)SC(C)C,-2.24,Diisopropylsulfide,-2.162
CCN(CC)C(=O)C(=CCOP(=O)(OC)OC)Cl,0.523,Dimecron,-2.426
CN(C)C(=O)Nc1ccc(c(Cl)c1)n2nc(oc2=O)C(C)(C)C,-4.328,Dimefuron,-3.831
CN(C)C(=O)OC1=CC(=O)CC(C)(C)C1 ,-0.85,dimetan,-2.304
CCCCc1c(C)nc(nc1O)N(C)C ,-2.24,dimethirimol,-3.57
COCOC,0.48,Dimethoxymethane,0.092
COC(=O)c1ccccc1C(=O)OC,-1.66,Dimethyl phthalate,-2.347
CSC,-0.45,Dimethyl sulfide,-0.758
CSSC,-1.44,Dimethyldisulfide,-1.524
CCN(CC)c1c(cc(c(N)c1N(=O)=O)C(F)(F)F)N(=O)=O,-5.47,Dinitramine,-4.479
CCC(C)c1cc(cc(N(=O)=O)c1O)N(=O)=O ,-3.38,Dinoseb,-3.715
OC1C(O)C(O)C(O)C(O)C1O,0.35,d-inositol,-0.887
CCCSCCC,-2.58,Di-n-propylsulfide,-2.307
CCCCCCCCOC(=O)c1ccccc1C(=O)OCCCCCCCC ,-5.115,dioctyl phthalate,-7.148
C1C(O)CCC2(C)CC3CCC4(C)C5(C)CC6OCC(C)CC6OC5CC4C3C=C21,-7.32,Diosgenin,-5.681
CNC(=O)Oc1ccccc1C2OCCO2,-1.57,Dioxacarb,-1.614
CN(C)C(=O)C(c1ccccc1)c2ccccc2 ,-2.98,diphenamid,-3.147
O(c1ccccc1)c2ccccc2,-3.96,Diphenyl ether ,-4.254
N(c1ccccc1)c2ccccc2,-3.504,Diphenylamine,-3.857
C(c1ccccc1)c2ccccc2,-4.08,Diphenylmethane,-4.09
CCCOCCC,-1.62,Dipropyl ether,-1.426
CCN(CC)C(=S)SSC(=S)N(CC)CC,-4.86,Disulfiram,-3.862
CCOP(=S)(OCC)SCCSCC,-4.23,Disulfoton,-3.975
CCOP(=S)(OCC)N2C(=O)c1ccccc1C2=O,-3.35,Ditalimfos,-3.992
CN(C)C(=O)Nc1ccc(Cl)c(Cl)c1,-3.8,Diuron,-3.301
CC1=CCC(CC1)C(C)=C,-4.26,d-Limonene,-3.429
Cc1cc(cc(N(=O)=O)c1O)N(=O)=O,-1.456,DNOC,-2.818
CCOc1ccc(NC(N)=O)cc1,-2.17,Dulcin,-2.167
Cn2c(=O)n(C)c1ncn(CC(O)CO)c1c2=O,-0.17,Dyphylline,-0.847
CCCCCCCCCCCCCCCCCCCC,-8.172,Eicosane,-7.576
ClC4=C(Cl)C5(Cl)C3C1CC(C2OC12)C3C4(Cl)C5(Cl)Cl,-6.18,Endrin,-4.533
CC34CCC1C(CCC2CC(O)CCC12C)C3CCC4=O,-4.16,Epiandrosterone,-3.882
CC45CCC2C(CCC3CC1SC1CC23C)C4CCC5O,-5.41,Epitostanol,-4.545
CC34CCc1c(ccc2cc(O)ccc12)C3CCC4=O,-5.24,Equilenin,-3.927
CC34CCC1C(=CCc2cc(O)ccc12)C3CCC4=O,-5.282,Equilin,-3.555
Oc2cc(O)c1C(=O)CC(Oc1c2)c3ccc(O)c(O)c3,-3.62,Eriodictyol,-3.152
OCC(O)C(O)CO,0.7,Erythritol,0.675
CC12CCC3C(CCc4cc(O)ccc34)C2CCC1O,-5.03,Estradiol,-4.138
c1(OC)ccc(CC=C)cc1,-2.92,Estragole,-3.074
CC34CCC1C(CCc2cc(O)ccc12)C3CC(O)C4O ,-4.955,estriol,-3.858
CC12CCC3C(CCc4cc(O)ccc34)C2CCC1=O,-3.955,Estrone,-3.872
CCN(CC(C)=C)c1c(cc(cc1N(=O)=O)C(F)(F)F)N(=O)=O,-6.124,Ethalfluralin,-5.063
CC,-1.36,Ethane,-1.132
CCS,-0.6,Ethanethiol,-0.968
CCO,1.1,Ethanol,0.02
CC34CCC1C(CCc2cc(O)ccc12)C3CCC4(O)C#C ,-4.3,Ethinyl estradiol,-4.317
CCSCc1ccccc1OC(=O)NC ,-2.09,ethiofencarb,-2.855
CCOP(=S)(OCC)SCSP(=S)(OCC)OCC,-5.54,Ethion,-5.471
CCCCc1c(C)nc(NCC)[nH]c1=O,-3.028,Ethirimol,-2.732
CC12CCC(=O)C=C1CCC3C2CCC4(C)C3CCC4(O)C#C ,-5.66,Ethisterone,-3.858
CCOC2Oc1ccc(OS(C)(=O)=O)cc1C2(C)C,-3.42,Ethofumesate,-3.184
CCOC2Oc1ccc(OS(C)(=O)=O)cc1C2(C)C,-3.42,ethofumesate,-3.184
CCOc2ccc1nc(sc1c2)S(N)(=O)=O ,-3.81,Ethoxyzolamide,-3.085
CCOC(=O)C,-0.04,Ethyl acetate,-0.77
CCOC(=O)c1ccccc1,-2.32,Ethyl benzoate ,-2.775
CCCCCOC(=O)CC,-1.28,Ethyl butyrate,-2.254
CCOC(=O)C=Cc1ccccc1,-3,ethyl cinnamate,-3.098
CCCCCCCCCC(=O)OCC,-4.1,Ethyl decanoate,-3.671
CCOC=O,0.15,Ethyl formate,-0.402
CCCCCCC(=O)OCC,-2.74,Ethyl heptanoate,-2.608
CCCCCC(=O)OCC,-2.35,Ethyl hexanoate,-2.254
CCCCCCCCC(=O)OCC,-3.8,Ethyl nonanoate,-3.316
CCCCCCCC(=O)OCC,-3.39,Ethyl octanoate,-2.962
CCCOC(=O)CCC,-1.75,Ethyl pentanoate,-1.899
CCOC(=O)CC,-0.66,Ethyl propionate,-1.191
CCCOCC,-0.66,Ethyl propyl ether,-1.072
CCOC=C,-0.85,Ethyl vinyl ether,-0.857
CCc1ccccc1,-2.77,Ethylbenzene,-2.988
CCC1CCCCC1,-4.25,Ethylcyclohexane,-3.245
C=C,-0.4,Ethylene,-0.815
CCOC(=O)c1ccc(N)cc1,-2.1,Ethyl-p-aminobenzoate,-2.383
CCOC(=O)c1ccc(O)cc1,-2.35,Ethyl-p-hydroxybenzoate ,-2.761
C#C,0.29,Ethyne,-0.252
CCOc1ccc(cc1)C(C)(C)COCc3cccc(Oc2ccccc2)c3,-8.6,Etofenprox,-6.896
CCOC(=O)c1cncn1C(C)c2ccccc2,-4.735,Etomidate,-3.359
COc1cc(cc(OC)c1O)C6C2C(COC2=O)C(OC4OC3COC(C)OC3C(O)C4O)c7cc5OCOc5cc67,-3.571,"Etoposide (148-167,25mg/ml)",-3.292
CC12CCC(CC1)C(C)(C)O2 ,-1.64,eucalyptol,-2.579
COc1cc(CC=C)ccc1O,-1.56,Eugenol,-2.675
OC(c1ccc(Cl)cc1)(c2cncnc2)c3ccccc3Cl,-4.38,Fenarimol,-4.108
Cc1occc1C(=O)Nc2ccccc2,-3.3,Fenfuram,-2.885
COP(=S)(OC)Oc1ccc(N(=O)=O)c(C)c1,-4.04,Fenitrothion,-3.845
CN(C)C(=O)SCCCCOc1ccccc1,-3.927,Fenothiocarb,-3.297
CCOC(=O)NCCOc2ccc(Oc1ccccc1)cc2,-4.7,Fenoxycarb,-4.662
CC1(C)C(C(=O)OC(C#N)c2cccc(Oc3ccccc3)c2)C1(C)C,-6.025,Fenpropathrin,-6.15
CCOP(=S)(OCC)Oc1ccc(cc1)S(C)=O ,-2.3,fensulfothion,-3.283
COP(=S)(OC)Oc1ccc(SC)c(C)c1,-4.57,Fenthion,-4.265
CN(C)C(=O)Nc1ccccc1,-1.6,Fenuron,-1.847
OC(Cn1cncn1)(Cn2cncn2)c3ccc(F)cc3F ,-1.8,fluconazole,-2.418
CC(C)C(C(=O)OC(C#N)c1cccc(Oc2ccccc2)c1)c3ccc(OC(F)F)cc3,-6.876,Flucythrinate,-6.878
Nc1nc(=O)[nH]cc1F,-0.972,Flucytosine,-0.132
CC34CC(O)C1(F)C(CCC2=CC(=O)CCC12C)C3CCC4(O)C(=O)CO ,-3.43,Fludrocortisone,-3.172
CC1CC2C3CC(F)C4=CC(=O)C=CC4(C)C3(F)C(O)CC2(C)C1(O)C(=O)CO,-5.613,Flumethasone,-3.539
CCN(Cc1c(F)cccc1Cl)c2c(cc(cc2N(=O)=O)C(F)(F)F)N(=O)=O,-6.78,Flumetralin,-6.584
CN(C)C(=O)Nc1cccc(c1)C(F)(F)F,-3.43,Fluometuron,-3.065
c1ccc2c(c1)c3cccc4cccc2c34,-6,Fluoranthene,-4.957
C1c2ccccc2c3ccccc13,-5,Fluorene ,-4.125
Fc1ccccc1,-1.8,Fluorobenzene,-2.514
CC1CC2C3CCC(O)(C(=O)C)C3(C)CC(O)C2(F)C4(C)C=CC(=O)C=C14,-4.099,Fluoromethalone,-3.507
CN(C)C(=O)Nc1cccc(c1)C(F)(F)F,-3.32,Fluorometuron,-3.065
Cn2cc(c1ccccc1)c(=O)c(c2)c3cccc(c3)C(F)(F)F,-4.445,Fluridone,-4.249
FC(F)(F)c1cccc(c1)N2CC(CCl)C(Cl)C2=O,-4.047,Flurochloridone,-4.749
OC(Cn1cncn1)(c2ccc(F)cc2)c3ccccc3F,-3.37,Flutriafol,-3.569
CC(C)C(Nc1ccc(cc1Cl)C(F)(F)F)C(=O)OC(C#N)c2cccc(Oc3ccccc3)c2,-8.003,Fluvalinate,-8.057
CNC(=O)Oc1cccc(N=CN(C)C)c1,-2.34,Formetanate,-1.846
COP(=S)(OC)SCC(=O)N(C)C=O,-1.995,Formothion,-2.087
OCC1OC(O)(CO)C(O)C1O,0.64,Fructose,0.471
c1ccoc1,-0.82,Furane,-1.837
O=Cc1ccco1,-0.1,Furfural,-1.391
c1c(O)C2C(=O)C3cc(O)ccC3OC2cc1(OC),-2.943,gentisin,-1.292
OCC(O)COC(=O)c1ccccc1Nc2ccnc3cc(Cl)ccc23,-4.571,Glafenine,-5.052
OCC1OC(O)C(O)C(O)C1O,0.74,glucose,0.501
CCC1(CCC(=O)NC1=O)c2ccccc2 ,-2.337,Glutethimide,-2.591
OCC(O)CO,1.12,Glycerol,0.688
CC(=O)OCC(COC(=O)C)OC(=O)C,-0.6,Glyceryl triacetate,-1.285
COC1=CC(=O)CC(C)C13Oc2c(Cl)c(OC)cc(OC)c2C3=O,-3.246,Griseofulvin,-3.328
COc1ccccc1O ,-1.96,Guaiacol,-1.941
Nc2nc1[nH]cnc1c(=O)[nH]2 ,-3.583,guanine,-0.67
FC(F)(F)C(Cl)Br ,-1.71,halothane,-2.608
c1cc(O)c(O)c2OCC3(O)CC4=CC(=O)C(O)=CC4=C3c21,-2.7,hematein,-1.795
ClC1C=CC2C1C3(Cl)C(=C(Cl)C2(Cl)C3(Cl)Cl)Cl,-6.317,Heptachlor,-5.26
CCCCCCC,-4.53,Heptane,-2.97
ClC(=C(Cl)C(=C(Cl)Cl)Cl)Cl,-4.92,"Hexachloro-1,3-butadiene",-4.546
ClC(Cl)(Cl)C(Cl)(Cl)Cl,-3.67,Hexachloroethane,-4.215
CCCCCCCCCCCCCCCCCCCCCCCCCC,-8.334,hexacosane,-9.702
CCCCCCCCCCCCCCCC,-8.4,Hexadecane,-6.159
Cc1c(C)c(C)c(C)c(C)c1C,-5.23,Hexamethylbenzene,-4.361
CCCCCC,-3.84,Hexane ,-2.615
CCC(C(CC)c1ccc(O)cc1)c2ccc(O)cc2,-4.43,Hexestrol,-4.854
CCCCCCc1ccccc1,-5.21,Hexylbenzene ,-4.22
O=C1CNC(=O)N1 ,-0.4,hydantoin,0.603
N(Nc1ccccc1)c2ccccc2 ,-2.92,hydrazobenzene,-3.492
c1ccccc1C(O)C(O)c2ccccc2,-1.93,hydrobenzoin,-2.645
NS(=O)(=O)c2cc1c(NCNS1(=O)=O)cc2Cl ,-2.63,hydrochlorothiazide,-1.72
CC12CC(O)C3C(CCC4=CC(=O)CCC34C)C2CCC1(O)C(=O)CO,-3.09,Hydrocortisone ,-3.159
CC(=O)OCC(=O)C1(O)CCC2C3CCC4=CC(=O)CCC4(C)C3C(O)CC21C,-4.88,Hydrocortisone 21-acetate,-3.692
OC1C=CC2C1C3(Cl)C(=C(Cl)C2(Cl)C3(Cl)Cl)Cl ,-5.46,hydroxychlordene,-4.156
CC(=O)C1(O)CCC2C3CCC4=CC(=O)CCC4(C)C3CCC21C,-3.817,Hydroxyprogesterone-17a,-3.876
O=c1[nH]cnc2nc[nH]c12 ,-2.296,Hypoxanthine,-0.656
C1Cc2ccccc2C1,-3.04,Indan,-3.057
CC2Cc1ccccc1N2NC(=O)c3ccc(Cl)c(c3)S(N)(=O)=O ,-3.586,Indapamide,-4.345
c2ccc1[nH]ncc1c2 ,-2.16,indazole,-2.34
c2ccc1[nH]ccc1c2,-1.52,Indole,-2.654
c2ccc1NCCc1c2 ,-1.04,indoline,-2.195
OCC1OC(C(O)C1O)n2cnc3c(O)ncnc23,-1.23,Inosine,-0.834
Ic1ccccc1,-3.01,Iodobenzene,-3.8
CCI,-1.6,Iodoethane,-2.066
COP(=S)(OC)Oc1cc(Cl)c(I)cc1Cl,-6.62,Iodofenphos,-6.148
CI,-1,Iodomethane,-1.646
Oc1c(I)cc(C#N)cc1I,-3.61,Ioxynil,-4.615
CCN(CC)c1nc(Cl)nc(NC(C)C)n1,-3.785,Ipazine,-3.497
CCOP(=S)(OCC)Oc1nc(Cl)n(n1)C(C)C,-3.658,Isazofos,-3.76
CC(C)COC(=O)C,-1.21,Isobutyl acetate,-1.463
CC(C)COC=O,-1.01,Isobutyl formate,-1.095
CC(C)Cc1ccccc1,-4.12,Isobutylbenzene,-3.57
C1N(C(=O)NCC(C)C)C(=O)NC1,-2.15,isocarbamid,-1.508
Cc1cc(no1)C(=O)NNCc2ccccc2,-2.461,Isocarboxazid,-2.251
CCOP(=S)(NC(C)C)Oc1ccccc1C(=O)OC(C)C,-4.194,Isofenphos,-4.538
Nc1nc(O)nc2nc[nH]c12 ,-3.401,isoguanine,-1.74
c1nccc(C(=O)NN)c1,0.009,Isonazid,-0.717
CC(C)CCOC(=O)C,-1.92,Isopentyl acetate,-1.817
CC(C)CCOC=O,-1.52,Isopentyl formate,-1.449
CC1=CC(=O)CC(C)(C)C1 ,-1.06,isophorone,-2.015
CNC(=O)Oc1ccccc1C(C)C,-2.863,Isoprocarb,-2.734
CCCN(CCC)c1c(cc(cc1N(=O)=O)C(C)C)N(=O)=O,-6.49,Isopropalin,-5.306
CC(C)OC(=O)C,-0.55,Isopropyl acetate,-1.191
CC(C)OC=O,-0.63,Isopropyl formate,-0.684
CC(C)c1ccccc1,-3.27,Isopropylbenzene ,-3.265
CC(C)c1ccc(NC(=O)N(C)C)cc1,-3.536,Isoproturon,-2.867
c1ccc2cnccc2c1,-1.45,Isoquinoline,-2.531
CN(C)C(=O)Nc1cccc(OC(=O)NC(C)(C)C)c1 ,-2.93,karbutilate,-2.655
CC(=O)CCC1C(=O)N(N(C1=O)c2ccccc2)c3ccccc3,-3.27,kebuzone,-2.645
ClC1(C(=O)C2(Cl)C3(Cl)C14Cl)C5(Cl)C2(Cl)C3(Cl)C(Cl)(Cl)C45Cl,-5.259,Kepone,-5.112
COc2c1occc1c(OC)c3c(=O)cc(C)oc23 ,-3.021,Khellin,-3.603
OCC1OC(OC2C(O)C(O)C(O)OC2CO)C(O)C(O)C1O,-0.244,Lactose,1.071
C1OC(O)C(O)C(O)C1O,0.39,L-arabinose,0.601
O=c2[nH]c1CCCc1c(=O)n2C3CCCCC3,-4.594,Lenacil,-3.355
CC(C)=CCCC(O)(C)C=C,-1.99,linalool,-2.399
ClC1C(Cl)C(Cl)C(Cl)C(Cl)C1Cl,-4.64,Lindane,-4.009
CON(C)C(=O)Nc1ccc(Cl)c(Cl)c1,-3.592,Linuron,-3.581
OC3N=C(c1ccccc1Cl)c2cc(Cl)ccc2NC3=O,-3.604,Lorazepam,-3.75
CCC(C)C(=O)OC2CC(C)C=C3C=CC(C)C(CCC1CC(O)CC(=O)O1)C23 ,-6.005,Lovastatin,-4.731
CCOC(=O)CC(SP(=S)(OC)OC)C(=O)OCC,-3.37,Malathion,-3.391
CCOC(=O)CC(=O)OCC,-0.82,Malonic acid diethylester,-1.413
OCC1OC(OC2C(O)C(O)C(O)OC2CO)C(O)C(O)C1O,0.358,Maltose,1.071
OCC(O)C(O)C(O)C(O)CO ,0.06,mannitol,0.647
Nc1cccc(Cl)c1,-1.37,m-Chloroaniline,-2.392
Clc1cccc(Br)c1,-3.21,m-Chlorobromobenzene,-3.928
Clc1cccc(I)c1,-3.55,m-Chloroiodobenzene,-4.384
Clc1cccc(c1)N(=O)=O,-2.77,m-Chloronitrobenzene ,-2.901
COC(=O)Nc2nc1ccc(cc1[nH]2)C(=O)c3ccccc3,-3.88,Mebendazole,-4.118
CCOC(=O)N(C)C(=O)CSP(=S)(OCC)OCC,-2.518,Mecarbam,-3.738
c1c(OC)c(OC)C2C(=O)OCC2c1,-1.899,meconin,-0.825
CC(=O)C3(C)CCC4C2C=C(C)C1=CC(=O)CCC1(C)C2CCC34C,-5.27,Medrogestone,-4.593
CN(C(=O)COc1nc2ccccc2s1)c3ccccc3,-4.873,Mefenacet,-4.504
CC(=O)Nc1cc(NS(=O)(=O)C(F)(F)F)c(C)cc1C,-3.24,Mefluidide,-3.165
CC(=O)OC3(CCC4C2C=C(C)C1=CC(=O)CCC1(C)C2CCC34C)C(C)=O ,-5.35,megestrol acetate,-4.417
CC2=CC(=O)c1ccccc1C2=O ,-3.03,Menadione,-2.667
CC(C)C1CCC(C)CC1O ,-2.53,menthol,-2.782
CC(C)C1CCC(C)CC1=O,-2.35,Menthone,-2.516
CCCC(C)(COC(N)=O)COC(N)=O ,-1.807,Meprobamate,-1.376
Sc2nc1ccccc1s2 ,-3.18,mercaptobenzothiazole,-3.411
COCC(=O)N(C(C)C(=O)OC)c1c(C)cccc1C ,-1.601,metalaxyl,-2.87
C,-0.9,Methane,-0.636
CO,1.57,Methanol,0.441
Cc1ccccc1n3c(C)nc2ccccc2c3=O,-2.925,Methaqualone,-3.881
CCC1(CC)C(=O)NC(=O)N(C)C1=O ,-2.23,metharbital,-1.658
Cn2c(=O)on(c1ccc(Cl)c(Cl)c1)c2=O,-2.82,Methazole,-3.601
COc1ccccc1OCC(O)COC(N)=O,-0.985,Methocarbamol,-1.428
COC(C)(C)CCCC(C)CC=CC(C)=CC(=O)OC(C)C,-5.19,Methoprene,-4.795
COCCCNc1nc(NC(C)C)nc(SC)n1,-2.928,Methoproptryne,-3.259
COc2c1occc1cc3ccc(=O)oc23 ,-3.664,Methoxsalen,-3.25
COc1ccc(cc1)C(c2ccc(OC)cc2)C(Cl)(Cl)Cl,-6.89,Methoxychlor,-5.538
COC(=O)C,0.46,Methyl acetate,-0.416
COC(=O)C=C,-0.22,Methyl acrylate,-0.878
COC(=O)c1ccccc1,-1.85,Methyl benzoate ,-2.462
CCCCOC,-0.99,Methyl butyl ether ,-1.072
CCCOC(=O)CC,-0.82,Methyl butyrate,-1.545
CCCCCCCCCC(=O)OC,-4.69,Methyl decanoate,-3.316
COC=O,0.58,Methyl formate,-0.048
COC(=O)c1cc(O)c(O)c(O)c1 ,-1.24,methyl gallate,-1.913
CCCCCC(=O)OC,-1.87,Methyl hexanoate,-1.899
CNN,1.34,Methyl hydrazine,0.543
CCCCCCCCCCCC(=O)OC,-4.69,methyl laurate,-4.025
COC(=O)c1cccnc1 ,-0.46,methyl nicotinate,-1.621
CCCCCCCCC(=O)OC,-3.38,Methyl nonanoate,-2.962
CCCCCCCC(=O)OC,-3.17,Methyl octanoate,-2.608
CCCC(=O)OCC,-1.36,Methyl pentanoate,-1.545
CCC(=O)OC,-0.14,Methyl propionate,-0.836
CCCOC,-0.39,Methyl propyl ether ,-0.718
COC(C)(C)C,-0.24,Methyl t-butyl ether ,-0.984
CC1CCCCC1,-3.85,Methylcyclohexane ,-2.891
CC1CCCC1,-3.3,Methylcyclopentane,-2.452
CN(C(=O)NC(C)(C)c1ccccc1)c2ccccc2,-3.35,Methyldymron,-3.863
COC(=O)c1ccc(O)cc1,-1.827,Methylparaben,-2.441
CC(=O)OC3(C)CCC4C2CCC1=CC(=O)CCC1(C)C2CCC34C ,-5.284,methyltestosterone acetate,-4.863
Cc1cc(=O)[nH]c(=S)[nH]1,-2.436,methylthiouracil,-0.547
CCc1cccc(C)c1N(C(C)COC)C(=O)CCl ,-2.73,Metolachlor,-3.431
CC2Nc1cc(Cl)c(cc1C(=O)N2c3ccccc3C)S(N)(=O)=O ,-3.78,Metolazone,-3.777
c1ccccc1(OC(=O)NC),-1.803,Metolcarb,-1.947
COc1ccc(NC(=O)N(C)C)cc1Cl,-2.564,Metoxuron,-2.683
Cc1ncc(N(=O)=O)n1CCO ,-1.26,Metranidazole,-0.859
CSc1nnc(c(=O)n1N)C(C)(C)C,-2.253,Metribuzin,-2.324
Cc1ncc(N(=O)=O)n1CCO,-1.22,Metronidazole,-0.859
Fc1cccc(Br)c1,-2.67,m-Fluorobromobenzene,-3.467
Nc1cc(nc(N)n1=O)N2CCCCC2 ,-1.989,Minoxidil,-1.809
ClC1(C2(Cl)C3(Cl)C4(Cl)C5(Cl)C1(Cl)C3(Cl)Cl)C5(Cl)C(Cl)(Cl)C24Cl,-6.8,Mirex,-6.155
Cc1cccc(N)c1,-0.85,m-Methylaniline,-1.954
Nc1cccc(c1)N(=O)=O,-2.19,m-Nitroaniline,-1.936
Oc1cccc(c1)N(=O)=O,-1.01,m-Nitrophenol,-2.318
Cc1cccc(c1)N(=O)=O,-2.44,m-Nitrotoluene,-2.64
CON(C)C(=O)Nc1ccc(Cl)cc1,-2.57,Monolinuron,-2.948
COC(=O)c1ccccc1OC2OC(COC3OCC(O)C(O)C3O)C(O)C(O)C2O,-0.742,Monotropitoside,-1.493
CN(C)C(=O)Nc1ccc(Cl)cc1,-2.89,Monuron,-2.671
Oc1ccc(c(O)c1)c3oc2cc(O)cc(O)c2c(=O)c3O ,-3.083,Morin,-2.731
Cc1cccc(C)c1,-2.82,m-Xylene ,-3.035
CCN(CC)c1ccccc1,-3.03,"N,N-Diethylaniline",-3.16
CN(C)C(=O)C,1.11,"N,N-Dimethylacetamide",0.123
CN(C)c1ccccc1,-1.92,"N,N-Dimethylaniline",-2.542
COP(=O)(OC)OC(Br)C(Cl)(Cl)Br,-2.28,Naled,-3.548
CCN(CC)C(=O)C(C)Oc1cccc2ccccc12 ,-3.57,Napropamide,-4.088
c1ccc2cc3cc4ccccc4cc3cc2c1,-8.6,Napthacene,-5.568
c1ccc2ccccc2c1,-3.6,Napthalene,-3.468
CCCCN(C)C(=O)Nc1ccc(Cl)c(Cl)c1,-4.77,Neburon,-4.157
CC(C)=CCC/C(C)=C\CO,-2.46,Nerol,-2.603
CCNc1ccccc1,-1.7,N-Ethylaniline,-2.389
Cc3ccnc4N(C1CC1)c2ncccc2C(=O)Nc34 ,-3.19,nevirapine,-3.397
Oc1ccc(Cl)cc1C(=O)Nc2ccc(cc2Cl)N(=O)=O,-4.7,Niclosamide,-5.032
NC(=O)c1cccnc1 ,0.61,nicotinamide,-0.964
COC(=O)C1=C(C)NC(=C(C1c2ccccc2N(=O)=O)C(=O)OC)C ,-4.76,nifedipine,-4.248
ON=Cc1ccc(o1)N(=O)=O ,-2.19,nifuroxime,-1.843
CN2C(=O)CN=C(c1ccccc1)c3cc(ccc23)N(=O)=O,-3.796,Nimetazepam,-3.557
O=C1NCCN1c2ncc(s2)N(=O)=O,-3.22,Niridazole,-1.948
CCN(CC)c1c(cc(c(N)c1N(=O)=O)C(F)(F)F)N(=O)=O,-3.561,Nitramine,-4.479
Clc1cccc(n1)C(Cl)(Cl)Cl,-3.76,Nitrapyrin,-3.833
O=C3CN=C(c1ccccc1)c2cc(ccc2N3)N(=O)=O,-3.796,Nitrazepam,-3.473
O=N(=O)c1ccccc1,-1.8,Nitrobenzene,-2.288
CCN(=O)=O,-0.22,Nitroethane,-0.462
Clc2ccc(Oc1ccc(cc1)N(=O)=O)c(Cl)c2,-5.46,Nitrofen,-5.361
O=C2CN(N=Cc1ccc(o1)N(=O)=O)C(=O)N2 ,-3.38,nitrofurantoin,-1.243
O=N(=O)OCC(CON(=O)=O)ON(=O)=O ,-2.22,nitroglycerin,-2.029
CN(=O)=O,0.26,Nitromethane,-0.042
CNc1ccccc1,-1.28,N-Methylaniline ,-2.097
CCCCCCCCC,-5.88,Nonane,-3.678
OC(C1=CC2C5C(C1C2=C(c3ccccc3)c4ccccn4)C(=O)NC5=O)(c6ccccc6)c7ccccn7 ,-3.931,norbormide,-4.238
CN(C)C(=O)NC1CC2CC1C3CCCC23,-3.171,Norea,-2.47
CC(=O)OC3(CCC4C2CCC1=CC(=O)CCC1C2CCC34C)C#C,-4.8,norethindrone acetate,-4.241
CC34CCC1C(CCC2=CC(=O)CCC12O)C3CCC4(O)C#C,-4.57,Norethisterone,-2.669
CNc2cnn(c1cccc(c1)C(F)(F)F)c(=O)c2Cl,-4.046,norflurazon,-4.029
ClC(Cl)C(c1ccc(Cl)cc1)c2ccccc2Cl ,-6.51,"O,P'-DDD",-6.008
Nc1ccccc1O,-0.72,o-Aminophenol,-1.465
Nc1ccccc1Cl,-1.52,o-Chloroaniline,-2.392
Clc1ccccc1Br,-3.19,o-Chlorobromobenzene,-3.84
Clc1ccccc1I,-3.54,o-Chloroiodobenzene,-4.384
Clc1ccccc1N(=O)=O,-2.55,o-Chloronitrobenzene,-2.775
CCCCCCCC,-5.24,Octane,-3.324
CCOC(=O)N,0.85,O-Ethyl carbamate,-0.218
Fc1ccccc1Br,-2.7,o-Fluorobromobenzene,-3.467
NC(=O)c1ccccc1O,-1.82,o-Hydroxybenzamide,-1.942
COc1ccccc1O,-1.96,o-Methoxyphenol,-1.941
Nc1ccccc1N(=O)=O,-1.96,o-Nitroaniline,-2.277
COc1ccccc1N(=O)=O,-1.96,o-Nitroanisole,-2.346
Oc1ccccc1N(=O)=O,-1.74,o-Nitrophenol,-2.318
Cc1ccccc1N(=O)=O,-2.33,o-Nitrotoluene,-2.589
CCCN(CCC)c1c(cc(cc1N(=O)=O)S(N)(=O)=O)N(=O)=O,-5.16,oryzalin,-3.784
c1cc2ccc(OC)c(CC=C(C)(C))c2oc1=O ,-4.314,osthole,-4.076
Cc1ccccc1N,-2.21,o-Toluidine,-1.922
CC(C)Oc1cc(c(Cl)cc1Cl)n2nc(oc2=O)C(C)(C)C,-5.696,Oxadiazon,-5.265
CNC(=O)ON=C(SC)C(=O)N(C)C,0.106,Oxamyl,-0.908
OC3N=C(c1ccccc1)c2cc(Cl)ccc2NC3=O ,-3.952,Oxazepam,-3.517
CC1=C(C(=O)Nc2ccccc2)S(=O)(=O)CCO1,-2.281,Oxycarboxin,-2.169
Cc1ccccc1C,-2.8,o-Xylene ,-3.004
CCCCC1C(=O)N(N(C1=O)c2ccc(O)cc2)c3ccccc3 ,-3.73,oxyphenbutazone,-3.739
Nc1ccc(cc1)c2ccc(N)cc2,-2.7,"p,p'-Biphenyldiamine ",-2.613
ClC(Cl)C(c1ccc(Cl)cc1)c2ccc(Cl)cc2 ,-7.2,"P,P'-DDD",-6.008
ClC(Cl)=C(c1ccc(Cl)cc1)c2ccc(Cl)cc2,-6.9,"P,P'-DDE",-6.553
Nc1ccc(O)cc1,-0.8,p-Aminophenol,-1.231
O=C1NC(=O)C(=O)N1 ,-0.4,parabanic acid,1.091
CCOP(=S)(OCC)Oc1ccc(cc1)N(=O)=O,-4.66,Parathion,-3.949
Nc1ccc(cc1)c2ccc(N)cc2,-2.7,p-benzidine,-2.613
CC(=O)Nc1ccc(Br)cc1,-3.083,p-Bromoacetanilide,-3.012
Brc1ccc(I)cc1,-4.56,p-Bromoiodobenzene,-4.754
CC(=O)Nc1ccc(Cl)cc1,-2.843,p-Chloroacetanilide,-2.642
Nc1ccc(Cl)cc1,-1.66,p-Chloroaniline,-2.392
Clc1ccc(Br)cc1,-3.63,p-Chlorobromobenzene,-3.928
Clc1ccc(I)cc1,-4.03,p-Chloroiodobenzene,-4.384
Clc1ccc(cc1)N(=O)=O,-2.92,p-Chloronitrobenzene,-2.901
Cc1ccc(O)cc1,-0.73,p-Cresol,-2.313
CCCCN(CC)C(=O)SCCC,-3.53,Pebulate,-3.131
Clc1ccc(CN(C2CCCC2)C(=O)Nc3ccccc3)cc1,-5.915,Pencycuron,-5.126
Clc1cc(Cl)c(Cl)c(Cl)c1Cl,-5.65,Pentachlorobenzene,-5.168
ClC(Cl)C(Cl)(Cl)Cl,-2.6,Pentachloroethane,-3.382
Oc1c(Cl)c(Cl)c(Cl)c(Cl)c1Cl,-4.28,Pentachlorophenol,-4.835
Cc1cc(C)c(C)c(C)c1C,-4,Pentamethylbenzene,-3.993
CCCCC,-3.18,Pentane,-2.261
O=C1NC(=O)NC(=O)C1(CC)C(C)CCC,-2.39,Pentobarbital,-2.312
CCCCCOC(=O)C,-1.89,Pentyl acetate,-1.833
CCCCC(=O)OCC,-2.25,Pentyl propanoate,-1.899
CCCCCc1ccccc1,-4.64,Pentylbenzene,-3.899
CCCCCC1CCCC1,-6.08,Pentylcyclopentane,-3.869
Cc1cc(ccc1NS(=O)(=O)C(F)(F)F)S(=O)(=O)c2ccccc2,-3.8,Perfluidone,-4.945
CC1(C)C(C=C(Cl)Cl)C1C(=O)OCc2cccc(Oc3ccccc3)c2,-6.291,Permethrin,-7.129
c1cc2cccc3c4cccc5cccc(c(c1)c23)c54,-8.804,Perylene,-6.007
CC(=O)Nc1ccc(F)cc1,-1.78,p-Fluoroacetanilide,-2.181
CCOc1ccc(NC(=O)C)cc1,-2.35,Phenacetin,-2.342
c1ccc2c(c1)ccc3ccccc32,-5.26,Phenanthrene,-4.518
c1ccc2c(c1)cnc3ccccc23 ,-2.78,phenanthridine,-3.713
CCOc1ccccc1,-2.33,Phenetole,-2.66
COC(=O)Nc1cccc(OC(=O)Nc2cccc(C)c2)c1,-4.805,Phenmedipham,-4.229
CCC1(C(=O)NC(=O)NC1=O)c2ccccc2 ,-2.322,phenobarbital,-2.272
c1ccccc1O,0,Phenol,-1.991
Oc1ccc(cc1)C2(OC(=O)c3ccccc23)c4ccc(O)cc4 ,-2.9,phenolphthalein,-4.59
CC(C)=CC3C(C(=O)OCc2cccc(Oc1ccccc1)c2)C3(C)C ,-5.24,phenothrin,-6.763
CCCCC1C(=O)N(N(C1=O)c2ccccc2)c3ccccc3 ,-3.81,phenylbutazone,-4.076
NNc1ccccc1,0.07,Phenylhydrazine,-1.866
OCc1ccccc1,-0.4,Phenylmethanol,-1.699
NC(=S)Nc1ccccc1,-1.77,Phenylthiourea,-1.701
O=C1NC(=O)C(N1)(c2ccccc2)c3ccccc3,-4.097,Phenytoin,-3.057
CCOP(=S)(OCC)SCSCC,-4.11,Phorate,-3.747
CCOP(=S)(OCC)SCn1c(=O)oc2cc(Cl)ccc12,-5.233,Phosalone,-5.024
CCOP(=S)(OCC)ON=C(C#N)c1ccccc1,-4.862,Phoxim,-4.557
c1cC2C(=O)NC(=O)C2cc1,-2.932,phthalamide,-0.636
O=C1NC(=O)c2ccccc12 ,-2.61,phthalimide,-1.882
N#Cc1ccccc1C#N,-2.38,Phthalonitrile,-1.717
CC(=O)Nc1ccc(O)cc1,-1.03,p-Hydroxyacetanilide,-1.495
Oc1ccc(C=O)cc1,-0.96,p-Hydroxybenzaldehyde ,-2.003
c1ccc2c(c1)ccc3c2ccc4c5ccccc5ccc43,-7.87,Picene,-6.618
O=C(C=CC=Cc2ccc1OCOc1c2)N3CCCCC3,-3.46,Piperine,-3.659
O=Cc2ccc1OCOc1c2 ,-1.63,piperonal,-2.033
CCCOP(=S)(OCCC)SCC(=O)N1CCCCC1C,-4.15,Piperophos,-4.637
CN(C)C(=O)Oc1nc(nc(C)c1C)N(C)C,-1.95,Pirimicarb,-2.34
CN2C(=C(O)c1ccccc1S2(=O)=O)C(=O)Nc3ccccn3 ,-4.16,piroxicam,-3.473
COc1ccc(C=O)cc1,-1.49,p-Methoxybenzaldehyde,-2.252
Cc1ccc(N)cc1,-1.21,p-Methylaniline ,-1.954
Nc1ccc(cc1)N(=O)=O,-2.37,p-Nitroaniline,-1.936
COc1ccc(cc1)N(=O)=O,-2.41,p-Nitroanisole,-2.522
Oc1ccc(cc1)N(=O)=O,-0.74,p-Nitrophenol,-2.318
Cc1ccc(cc1)N(=O)=O,-2.49,p-Nitrotoluene,-2.64
Oc1ccc(cc1)c2ccccc2,-3.48,p-Phenylphenol,-3.701
CC34CCC1C(CC=C2CC(O)CCC12C)C3CCC4=O,-4.12,Prasterone,-3.564
CC12CC(O)C3C(CCC4=CC(=O)C=CC34C)C2CCC1(O)C(=O)CO,-3.18,Prednisolone,-2.974
CC(=O)OCC(=O)C3(O)CCC4C2CCC1=CC(=O)C=CC1(C)C2C(O)CC34C ,-4.37,prednisolone acetate,-3.507
CC(=O)C3CCC4C2CC=C1CC(O)CCC1(C)C2CCC34C ,-4.65,pregnenolone,-4.342
CCC1(C(=O)NCNC1=O)c2ccccc2,-2.64,Primidone,-1.897
CCC1(C(C)C)C(=O)NC(=O)NC1=O ,-2.21,probarbital,-1.603
CC12CC2(C)C(=O)N(C1=O)c3cc(Cl)cc(Cl)c3,-4.8,Procymidone,-3.464
CC(=O)C1CCC2C3CCC4=CC(=O)CCC4(C)C3CCC12C,-4.42,Progesterone,-4.17
COc1nc(NC(C)C)nc(NC(C)C)n1,-2.478,Prometon,-3.448
CSc1nc(NC(C)C)nc(NC(C)C)n1,-4.1,Prometryn,-3.693
CC(C)N(C(=O)CCl)c1ccccc1 ,-2.48,propachlor,-3.018
CCC,-1.94,Propane,-1.553
CCC(=O)Nc1ccc(Cl)c(Cl)c1,-3,Propanil,-3.644
CC(C)Nc1nc(Cl)nc(NC(C)C)n1,-4.43,Propazine,-3.329
CCNP(=S)(OC)OC(=CC(=O)OC(C)C)C,-3.408,Propetamphos,-2.826
CCCC1COC(Cn2cncn2)(O1)c3ccc(Cl)cc3Cl,-3.493,Propiconazole,-4.603
CCC=O,0.58,Propionaldehyde,-0.394
CCC#N,0.28,Propionitrile,-0.269
CNC(=O)Oc1ccccc1OC(C)C,-2.05,Propoxur,-2.409
CCCOC(=O)C,-0.72,Propyl acetate,-1.125
CCCC(=O)OC,-1.92,Propyl butyrate,-1.191
CCCOC=O,-0.49,Propyl formate,-0.757
CCCCC(=O)OC,-1.34,Propyl propanoate,-1.545
CCCc1ccccc1,-3.37,Propylbenzene ,-3.281
CCCC1CCCC1,-4.74,Propylcyclopentane,-3.16
CC=C,-1.08,Propylene,-1.235
CCCOC(C)C,-1.34,Propylisopropylether,-1.354
CC#C,-0.41,Propyne,-0.672
CC(C)(C)c1ccc(O)cc1,-2.41,p-t-Butylphenol,-3.192
c2cnc1ncncc1n2,0.02,Pteridine,-0.906
c1ccc(cc1)c2ccc(cc2)c3ccccc3,-7.11,p-terphenyl,-5.741
Cc1ccc(cc1)S(=O)(=O)N,-1.74,p-Toluenesulfonamide ,-1.815
Cc1ccc(C)cc1,-2.77,p-Xylene ,-3.035
CC1=C(CCCO1)C(=O)Nc2ccccc2 ,-2.56,pyracarbolid,-2.83
NC(=O)c1cnccn1,-0.667,Pyrazinamide,-0.674
Nc2cnn(c1ccccc1)c(=O)c2Cl,-2.878,Pyrazon,-2.603
c1cc2ccc3cccc4ccc(c1)c2c34,-6.176,Pyrene,-4.957
c1ccnnc1,1.1,Pyridazine,-0.619
c1ccncc1,0.76,Pyridine,-1.481
c1cncnc1,1.1,Pyrimidine,-0.884
CN(C)C(=O)Oc1cc(C)nn1c2ccccc2,-2.09,Pyrolan,-3.141
CCC2NC(=O)c1cc(c(Cl)cc1N2)S(N)(=O)=O,-3.29,Quinethazone,-2.184
c1ccc2ncccc2c1,-1.3,Quinoline,-2.663
ClC(Cl)CC(=O)NC2=C(Cl)C(=O)c1ccccc1C2=O,-5.03,Quinonamid,-3.988
Clc1c(Cl)c(Cl)c(N(=O)=O)c(Cl)c1Cl,-5.82,Quintozene,-5.098
OCC1OC(CO)(OC2OC(COC3OC(CO)C(O)C(O)C3O)C(O)C(O)C2O)C(O)C1O,-0.41,Raffinose,0.496
CCC1(C(=O)NC(=O)NC1=O)C2=CCC3CCC2C3,-2.696,Reposal,-2.781
CCN2c1ncccc1N(C)C(=O)c3cccnc23 ,-2.62,Reverse Transcriptase inhibitor 1,-2.794
C1SC(=S)NC1(=O),-1.77,rhodanine,-0.396
Cc3cc2nc1c(=O)[nH]c(=O)nc1n(CC(O)C(O)C(O)CO)c2cc3C,-3.685,Riboflavin,-1.865
CCCOC(=O)c1ccc(N)cc1,-2.452,Risocaine,-2.709
COP(=S)(OC)Oc1cc(Cl)c(Cl)cc1Cl,-5.72,Ronnel,-5.247
COc5cc4OCC3Oc2c1CC(Oc1ccc2C(=O)C3c4cc5OC)C(C)=C ,-4.42,Rotenone,-5.246
CC(C)NC(=O)N1CC(=O)N(C1=O)c2cc(Cl)cc(Cl)c2,-4.376,Rovral,-4.004
O2c1ccccc1N(C)C(=O)c3cccnc23 ,-3.672,RTI 10,-2.771
O2c1ccc(N)cc1N(C)C(=O)c3cc(C)ccc23 ,-3.928,RTI 11,-3.125
CCN2c1nc(Cl)ccc1N(C)C(=O)c3cccnc23 ,-4.114,RTI 12,-3.446
CCN2c1nc(C)cc(C(F)(F)F)c1NC(=O)c3cccnc23 ,-4.207,RTI 13,-4.45
CCN2c1nc(C)cc(C)c1NC(=O)c3cccnc23 ,-4.554,RTI 15,-3.891
CCN2c1ncccc1N(C)C(=S)c3cccnc23 ,-4.634,RTI 16,-3.411
CCN2c1ccccc1N(C)C(=S)c3cccnc23 ,-4.706,RTI 17,-4.227
CCN2c1ccccc1N(C)C(=O)c3ccccc23 ,-4.749,RTI 19,-4.007
CCN2c1ncccc1N(CC)C(=O)c3cccnc23 ,-2.86,RTI 2,-3.125
C2c1ccccc1N(CCF)C(=O)c3ccccc23 ,-4.799,RTI 20,-3.663
CCN2c1cc(N(C)C)cc(C)c1NC(=O)c3cccnc23 ,-4.871,RTI 22,-4.408
CCN2c1cc(OC)cc(C)c1NC(=O)c3cccnc23 ,-5.153,RTI 23,-4.228
CCN2c1cc(Cl)ccc1NC(=O)c3cccnc23 ,-5.36,RTI 24,-4.423
O2c1cc(C)ccc1N(C)C(=O)c3cc(N)cnc23 ,-3.043,RTI 3,-3.049
CCN2c1ccccc1N(C)C(=O)c3cccnc23 ,-3.324,RTI 5,-3.471
CCN2c1nc(N(C)(CCO))ccc1NC(=O)c3cccnc23 ,-3.36,RTI 6,-3.335
C2c1ccccc1N(CCF)C(=O)c3ccccc23 ,-3.535,RTI 7,-3.663
O2c1ccccc1N(CC)C(=O)c3ccccc23 ,-3.68,RTI 9,-3.784
OCC2OC(Oc1ccccc1CO)C(O)C(O)C2O,-0.85,Salicin,-0.975
NC(=O)c1ccccc1O,-1.836,Salicylamide,-1.942
c1ccccc1NC(=O)c2c(O)cccc2,-3.59,salicylanilide,-3.782
CC3C2CCC1(C)C=CC(=O)C(=C1C2OC3=O)C,-3.09,Santonin,-2.43
O=C1NC(=O)NC(=O)C1(C(C)CCC)CC=C,-2.356,Secobarbital,-2.415
CC1CCCCC1NC(=O)Nc2ccccc2,-4.11,Siduron,-3.779
CCNc1nc(Cl)nc(NCC)n1 ,-4.55,simazine,-2.811
CSc1nc(nc(n1)N(C)C)N(C)C,-2.676,Simetryn,-2.689
OCC(O)C(O)C(O)C(O)CO,1.09,Sorbitol,0.647
CSCS(=O)CC(CO)NC(=O)C=Cc1c(C)[nH]c(=O)[nH]c1=O,-1.981,"Sparsomycin (3,8mg/ml)",-1.57
CC(=O)SC4CC1=CC(=O)CCC1(C)C5CCC2(C)C(CCC23CCC(=O)O3)C45,-4.173,Spironolactone,-3.842
CCCCOc1ccc(C(=O)OCC)c(c1)N(CC)CC ,-3.84,stadacaine,-5.128
CC34CCC1C(CCC2CC(=O)CCC12C)C3CCC4O ,-4.743,Stanolone,-3.882
COP(=O)(OC)OC(=CCl)c1cc(Cl)c(Cl)cc1Cl,-4.522,Stirofos,-4.32
C=Cc1ccccc1,-2.82,Styrene,-2.85
C1OC1c2ccccc2 ,-1.6,styrene oxide,-1.826
O=C1CCC(=O)N1,0.3,Succinimide,0.282
OCC2OC(OC1(CO)OC(CO)C(O)C1O)C(O)C(O)C2O ,0.79,Sucrose,0.31
NC(=N)NS(=O)(=O)c1ccc(N)cc1 ,-1.99,sulfaguanidine,-0.706
CCN(CC)C(=S)SCC(Cl)=C,-3.39,Sulfallate,-3.254
Nc1ccc(cc1)S(N)(=O)=O,-1.34,Sulfanilamide,-0.954
CCC(C)C1(CC=C)C(=O)NC(=O)NC1=O,-2.016,Talbutal,-2.06
CC(C)(C)c1ccccc1,-3.66,t-Butylbenzene ,-3.554
C/C=C/C=O,0.32,t-Crotonaldehyde,-0.604
Fc1cccc(F)c1C(=O)NC(=O)Nc2cc(Cl)c(F)c(Cl)c2F ,-7.28,TEFLUBENZURON,-5.462
Cc1[nH]c(=O)n(c(=O)c1Cl)C(C)(C)C,-2.484,Terbacil,-3.033
CCOP(=S)(OCC)SCSC(C)(C)C,-4.755,Terbufos,-4.367
CCNc1nc(NC(C)(C)C)nc(OC)n1,-3.239,Terbumeton,-3.505
CCNc1nc(NC(C)(C)C)nc(SC)n1,-4,Terbutryn,-3.75
CC12CCC3C(CCC4=CC(=O)CCC34C)C2CCC1O,-4.02,Testosterone,-3.659
CC(=O)OC3CCC4C2CCC1=CC(=O)CCC1(C)C2CCC34C ,-5.184,testosterone acetate,-4.449
CCC(=O)OC3CCC4C2CCC1=CC(=O)CCC1(C)C2CCC34C ,-5.37,testosterone propionate,-4.87
BrC(Br)(Br)Br,-3.14,Tetrabromomethane,-4.063
ClC(=C(Cl)Cl)Cl,-2.54,Tetrachloroethylene,-3.063
COc1c(O)c(Cl)c(Cl)c(Cl)c1Cl ,-4.02,tetrachloroguaiacol,-4.299
ClC(Cl)(Cl)Cl,-2.31,Tetrachloromethane,-2.607
CCCCCCCCCCCCCC,-7.96,Tetradecane,-5.45
Cc1c(F)c(F)c(COC(=O)C2C(C=C(Cl)C(F)(F)F)C2(C)C)c(F)c1F,-7.321,Tetrafluthrin,-6.339
C1CCOC1,0.49,Tetrahydrofurane ,-0.62
C1CCOCC1,-0.03,Tetrahydropyran ,-0.978
CN(C)C(=O)N(C)C ,0.94,tetramethylurea,-0.495
O=C1N(C2CCC(=O)NC2=O)C(=O)c3ccccc13,-2.676,Thalidomide,-1.944
Cn1cnc2n(C)c(=O)[nH]c(=O)c12 ,-2.523,theobromine,-1.05
Cn1c(=O)n(C)c2nc[nH]c2c1=O,-1.39,Theophylline,-1.452
CS(=O)(=O)c1ccc(cc1)C(O)C(CO)NC(=O)C(Cl)Cl ,-2.154,Thiamphenicol,-1.936
CCCC(C)C1(CC=C)C(=O)NC(=S)NC1=O ,-3.46,thiamylal,-3.063
c1ccccc1SC,-2.39,thioanisole,-2.87
CNC(=O)ON=C(CSC)C(C)(C)C ,-1.62,thiofanox,-2.7
CCSCCSP(=S)(OC)OC,-3.091,Thiometon,-3.323
CCCC(C)C1(CC)C(=O)NC(=S)NC1=O ,-3.36,thiopental,-2.96
c1ccsc1,-1.33,Thiophene,-2.232
Sc1ccccc1,-2.12,Thiophenol ,-2.758
Sc1nccc(=O)[nH]1 ,-2.273,thiouracil,-0.992
NC(=S)N,0.32,Thiourea,0.329
CN(C)C(=S)SSC(=S)N(C)C ,-3.9,Thiram,-2.444
Cc1c[nH]c(=O)[nH]c1=O ,-1.506,thymine,-0.78
CC(C)c1ccc(C)cc1O,-2.22,Thymol,-3.129
Cc1ccccc1,-2.21,Toluene ,-2.713
CC(C)(C)Cc1ccccc1,-4.15,t-Pentylbenzene,-3.867
C/C1CCC(\C)CC1,-4.47,"trans-1,4-Dimethylcyclohexane",-3.305
CCCC/C=C/C,-3.82,trans-2-Heptene ,-2.784
CC/C=C/C,-2.54,trans-2-Pentene ,-2.076
CC(C)(C)C(=O)C(Oc1ccc(Cl)cc1)n2cncn2,-3.61,Triadimefon,-4.132
CC(C)N(C(C)C)C(=O)SCC(Cl)=C(Cl)Cl,-4.88,Triallate,-4.578
CC34CC(O)C1(F)C(CCC2=CC(=O)C=CC12C)C3CC(O)C4(O)C(=O)CO,-3.68,Triamcinolone,-2.734
CC5(C)OC4CC3C2CCC1=CC(=O)C=CC1(C)C2(F)C(O)CC3(C)C4(O5)C(=O)CO ,-4.31,triamcinolone acetonide,-3.928
CC(=O)OCC(=O)C3(O)C(CC4C2CCC1=CC(=O)C=CC1(C)C2(F)C(O)CC34C)OC(C)=O ,-4.13,triamcinolone diacetate,-3.876
Nc3nc(N)c2nc(c1ccccc1)c(N)nc2n3,-2.404,Triamterene,-3.051
Cc3nnc4CN=C(c1ccccc1Cl)c2cc(Cl)ccc2n34,-4.09,Triazolam,-3.948
BrC(Br)Br,-1.91,Tribromomethane,-2.904
NS(=O)(=O)c2cc1c(NC(NS1(=O)=O)C(Cl)Cl)cc2Cl ,-2.68,Trichlomethiazide,-2.98
COP(=O)(OC)C(O)C(Cl)(Cl)Cl,-0.22,Trichlorfon,-1.866
NS(=O)(=O)c2cc1c(NC(NS1(=O)=O)C(Cl)Cl)cc2Cl ,-2.68,trichlormethiazide,-2.98
ClC(Cl)(Cl)C#N,-2.168,Trichloroacetonitrile,-2.019
ClC=C(Cl)Cl,-1.96,Trichloroethylene,-2.312
ClC(Cl)Cl,-1.17,Trichloromethane,-1.812
CCOP(=S)(CC)Oc1cc(Cl)c(Cl)cc1Cl,-5.752,Trichloronate,-5.225
Oc1cc(Cl)ccc1Oc2ccc(Cl)cc2Cl,-4.46,Triclosan,-5.645
Cc1ccc(OP(=O)(Oc2cccc(C)c2)Oc3ccccc3C)cc1,-6.01,Tricresyl phosphate,-6.39
Cc2cccc3sc1nncn1c23 ,-2.07,Tricyclazole,-2.868
CCNc1nc(Cl)nc(n1)N(CC)CC,-4.06,Trietazine,-3.233
CCOP(=O)(OCC)OCC,0.43,Triethyl phosphate,-0.953
CCCN(CCC)c1c(cc(cc1N(=O)=O)C(F)(F)F)N(=O)=O,-5.68,Trifluralin,-5.205
ClC(Cl)(Cl)C(NC=O)N1C=CN(C=C1)C(NC=O)C(Cl)(Cl)Cl ,-4.19,triforine,-3.715
COc2cc1c(N)nc(nc1c(OC)c2OC)N3CCN(CC3)C(=O)OCC(C)(C)O ,-3.638,Trimazosin,-3.958
c1ccc2c(c1)c3ccccc3c4ccccc24,-6.726,Triphenylene,-5.568
Nc1ncnc2n(ccc12)C3OC(CO)C(O)C3O ,-1.95,tubercidin,-0.892
O=c1cc[nH]c(=O)[nH]1 ,-1.488,uracil,-0.441
NC(=O)N,0.96,Urea,0.832
O=c2[nH]c(=O)c1[nH]c(=O)[nH]c1[nH]2 ,-3.93,uric acid,-0.541
CCCCC=O,-0.85,Valeraldehyde,-1.103
CNC(=O)C(C)SCCSP(=O)(OC)(OC),1.144,vamidothion,-1.446
CC1(OC(=O)N(C1=O)c2cc(Cl)cc(Cl)c2)C=C,-4.925,Vinclozolin,-4.377
CC(=O)CC(c1ccccc1)c3c(O)c2ccccc2oc3=O ,-3.893,Warfarin,-3.913
Cc1cccc(C)c1NC(=O)c2cc(c(Cl)cc2O)S(N)(=O)=O,-3.79,Xipamide,-3.642
CNC(=O)Oc1cc(C)cc(C)c1,-2.581,XMC,-2.688
